alternate_sales_number,facilities,geocoded_latitude,geocoded_longitude,internet_bell,internet_bell_fibre,internet_bell_vdsl,internet_cogeco,internet_execulink_bellcolo,internet_execulink_cable,internet_execulink_copper,internet_execulink_dialup,internet_execulink_fibre,internet_execulink_wireless,internet_rogers,mobility_execulink,murb_n,murb_y,original_address,phone_execulink_bellcolo,phone_execulink_cable,phone_execulink_copper,phone_execulink_digital,phone_execulink_fibre,row_index,security_execulink,tpia,tv_available,tv_execulink_cable,tv_execulink_copper,tv_execulink_fibre,tv_execulink_hls
1-866-706-1991,0,43.5392272,-79.7022334,1,0,1,0,0,0,0,0,0,0,1,0,1,0,"3064 FOLKWAY DR, MISSISSAUGA, ON",0,0,0,1,0,4,0,1,1,0,0,0,1
1-866-706-1991,0,43.5315496,-79.71195980000002,1,0,1,0,0,0,0,0,0,0,1,0,1,0,"4134 COLONIAL DR, MISSISSAUGA, ON",0,0,0,1,0,2,0,1,1,0,0,0,1
1-866-706-1991,0,43.5812176,-79.7645859,1,0,0,0,0,0,0,0,0,0,1,0,1,0,"6713 HARLOW RD, MISSISSAUGA, ON",0,0,0,1,0,8,0,1,1,0,0,0,1
1-866-706-1991,0,43.5098724,-79.6600357,1,0,0,0,0,0,0,0,0,0,1,0,1,0,"2641 BIRCH CRES, MISSISSAUGA, ON",0,0,0,1,0,5,0,1,1,0,0,0,1
1-866-706-1991,0,43.5944248,-79.7577963,1,0,0,0,0,0,0,0,0,0,1,0,1,0,"6839 MONTEVIDEO RD, MISSISSAUGA, ON",0,0,0,1,0,3,0,1,1,0,0,0,1
1-866-706-1991,0,43.5464318,-79.725447,1,0,1,0,0,0,0,0,0,0,1,0,1,0,"3318 WEATHERFORD RD, MISSISSAUGA, ON",0,0,0,1,0,7,0,1,1,0,0,0,1
1-866-706-1991,0,43.55320620000001,-79.7440077,1,0,1,0,0,0,0,0,0,0,1,0,1,0,"5672 PEGASUS ST, MISSISSAUGA, ON",0,0,0,1,0,6,0,1,1,0,0,0,1
1-866-706-1991,0,43.585223,-79.7880405,1,0,1,0,0,0,0,0,0,0,1,0,1,0,"7305 TERRAGAR BLVD, MISSISSAUGA, ON",0,0,0,1,0,1,0,1,1,0,0,0,1
1-866-706-1991,0,43.5035906,-79.6545939,1,0,0,0,0,0,0,0,0,0,1,0,1,0,"2835 BUSHLAND CRES, MISSISSAUGA, ON",0,0,0,1,0,9,0,1,1,0,0,0,1
1-866-706-1991,0,43.5739593,-79.7208605,1,0,1,0,0,0,0,0,0,0,1,0,1,0,"32 DE JONG DR, MISSISSAUGA, ON",0,0,0,1,0,10,0,1,1,0,0,0,1
1-866-706-1991,0,43.5627812,-79.73474809999999,1,0,1,0,0,0,0,0,0,0,1,0,1,0,"2767 GALLEON CRES, MISSISSAUGA, ON",0,0,0,1,0,11,0,1,1,0,0,0,1
1-866-706-1991,0,43.5768808,-79.7476882,1,0,1,0,0,0,0,0,0,0,1,0,1,0,"3122 WINDWOOD DR, MISSISSAUGA, ON",0,0,0,1,0,12,0,1,1,0,0,0,1
1-866-706-1991,0,43.5782547,-79.7908428,1,0,1,0,0,0,0,0,0,0,1,0,1,0,"3757 ALTHORPE CIR, MISSISSAUGA, ON",0,0,0,1,0,14,0,1,1,0,0,0,1
1-866-706-1991,0,43.5522743,-79.6833832,0,1,0,0,0,0,0,0,0,0,1,0,1,0,"4040 SAWMILL VALLEY DR, MISSISSAUGA, ON",0,0,0,1,0,13,0,1,1,0,0,0,1
1-866-706-1991,0,43.5193036,-79.6754837,1,0,1,0,0,0,0,0,0,0,1,0,1,0,"2684 HOMELANDS DR, MISSISSAUGA, ON",0,0,0,1,0,16,0,1,1,0,0,0,1
1-866-706-1991,0,43.5621436,-79.76177489999999,1,0,1,0,0,0,0,0,0,0,1,0,1,0,"6032 OSPREY BLVD, MISSISSAUGA, ON",0,0,0,1,0,15,0,1,1,0,0,0,1
1-866-706-1991,0,43.55542459999999,-79.7384623,0,1,0,0,0,0,0,0,0,0,1,0,1,0,"5495 FESTIVAL DR, MISSISSAUGA, ON",0,0,0,1,0,17,0,1,1,0,0,0,1
1-866-706-1991,0,43.5609614,-79.7414991,1,0,1,0,0,0,0,0,0,0,1,0,1,0,"3144 VELMAR DR, MISSISSAUGA, ON",0,0,0,1,0,18,0,1,1,0,0,0,1
1-866-706-1991,0,43.5397209,-79.6992222,1,0,1,0,0,0,0,0,0,0,1,0,1,0,"4059 MARIGOLD CRES, MISSISSAUGA, ON",0,0,0,1,0,19,0,1,1,0,0,0,1
1-866-706-1991,0,43.5344541,-79.7129191,1,0,1,0,0,0,0,0,0,0,1,0,1,0,"3288 WILMAR CRES, MISSISSAUGA, ON",0,0,0,1,0,20,0,1,1,0,0,0,1
1-866-706-1991,0,43.5200655,-79.6917098,1,0,1,0,0,0,0,0,0,0,1,0,1,0,"3145 COLDSTREAM RD, MISSISSAUGA, ON",0,0,0,1,0,22,0,1,1,0,0,0,1
1-866-706-1991,0,43.5769913,-79.7579599,1,0,1,0,0,0,0,0,0,0,1,0,1,0,"6589 EDENWOOD DR, MISSISSAUGA, ON",0,0,0,1,0,21,0,1,1,0,0,0,1
1-866-706-1991,0,43.5255383,-79.6743513,1,0,1,0,0,0,0,0,0,0,1,0,1,0,"2557 THORN LODGE DR, MISSISSAUGA, ON",0,0,0,1,0,23,0,1,1,0,0,0,1
1-866-706-1991,0,43.5486331,-79.7465813,1,0,1,0,0,0,0,0,0,0,1,0,1,0,"3907 SWIFTDALE DR, MISSISSAUGA, ON",0,0,0,1,0,25,0,1,1,0,0,0,1
1-866-706-1991,0,43.5652772,-79.731963,1,0,1,0,0,0,0,0,0,0,1,0,1,0,"5677 WELLS PL, MISSISSAUGA, ON",0,0,0,1,0,24,0,1,1,0,0,0,1
1-866-706-1991,0,43.563738,-79.7579512,1,0,1,0,0,0,0,0,0,0,1,0,1,0,"6115 OSPREY BLVD, MISSISSAUGA, ON",0,0,0,1,0,26,0,1,1,0,0,0,1
1-866-706-1991,0,43.5493944,-79.7313858,1,0,1,0,0,0,0,0,0,0,1,0,1,0,"3245 ESCADA DR, MISSISSAUGA, ON",0,0,0,1,0,27,0,1,1,0,0,0,1
1-866-706-1991,0,43.5381639,-79.6930419,1,0,1,0,0,0,0,0,0,0,1,0,1,0,"3411 ASH ROW CRES, MISSISSAUGA, ON",0,0,0,1,0,28,0,1,1,0,0,0,1
1-866-706-1991,0,43.5541937,-79.73676999999999,0,1,0,0,0,0,0,0,0,0,1,0,1,0,"5411 FESTIVAL DR, MISSISSAUGA, ON",0,0,0,1,0,29,0,1,1,0,0,0,1
1-866-706-1991,0,43.565713,-79.7635395,1,0,1,0,0,0,0,0,0,0,1,0,1,0,"3740 FOREST BLUFF CRES, MISSISSAUGA, ON",0,0,0,1,0,31,0,1,1,0,0,0,1
1-866-706-1991,0,43.5532888,-79.7062842,1,0,1,0,0,0,0,0,0,0,1,0,1,0,"2390 CREDIT VALLEY RD, MISSISSAUGA, ON",0,0,0,1,0,32,0,1,1,0,0,0,1
1-866-706-1991,0,43.5632106,-79.6984305,1,0,1,0,0,0,0,0,0,0,1,0,1,0,"1969 PIMLICO CRT, MISSISSAUGA, ON",0,0,0,1,0,30,0,1,1,0,0,0,1
1-866-706-1991,0,43.5378855,-79.691261,1,0,1,0,0,0,0,0,0,0,1,0,1,0,"3457 ASH ROW CRES, MISSISSAUGA, ON",0,0,0,1,0,33,0,1,1,0,0,0,1
1-866-706-1991,0,43.54486490000001,-79.7381723,1,0,1,0,0,0,0,0,0,0,1,0,1,0,"5368 CHURCHILL MEADOWS BLVD, MISSISSAUGA, ON",0,0,0,1,0,34,0,1,1,0,0,0,1
1-866-706-1991,0,43.5393334,-79.70258410000001,1,0,1,0,0,0,0,0,0,0,1,0,1,0,"3052 FOLKWAY DR, MISSISSAUGA, ON",0,0,0,1,0,35,0,1,1,0,0,0,1
1-866-706-1991,0,43.5803798,-79.7823123,1,0,1,0,0,0,0,0,0,0,1,0,1,0,"7170 BLACK WALNUT TR, MISSISSAUGA, ON",0,0,0,1,0,37,0,1,1,0,0,0,1
1-866-706-1991,0,43.55372260000001,-79.7030659,1,0,1,0,0,0,0,0,0,0,1,0,1,0,"4372 IDLEWILDE CRES, MISSISSAUGA, ON",0,0,0,1,0,39,0,1,1,0,0,0,1
1-866-706-1991,0,43.5865432,-79.7794267,1,0,1,0,0,0,0,0,0,0,1,0,1,0,"7128 HARDING CRES, MISSISSAUGA, ON",0,0,0,1,0,36,0,1,1,0,0,0,1
1-866-706-1991,0,43.5535404,-79.7504068,1,0,1,0,0,0,0,0,0,0,1,0,1,0,"3738 BRINWOOD GATE, MISSISSAUGA, ON",0,0,0,1,0,38,0,1,1,0,0,0,1
1-866-706-1991,0,43.5218075,-79.6779028,1,0,1,0,0,0,0,0,0,0,1,0,1,0,"2564 MERRINGTON CRES, MISSISSAUGA, ON",0,0,0,1,0,41,0,1,1,0,0,0,1
1-866-706-1991,0,43.53113279999999,-79.71820249999999,1,0,1,0,0,0,0,0,0,0,1,0,1,0,"4181 SLADEVIEW CRES, MISSISSAUGA, ON",0,0,0,1,0,40,0,1,1,0,0,0,1
1-866-706-1991,0,43.51418959999999,-79.6389071,1,0,1,0,0,0,0,0,0,0,1,0,1,0,"1260 EPTON CRES, MISSISSAUGA, ON",0,0,0,1,0,42,0,1,1,0,0,0,1
1-866-706-1991,0,43.5395914,-79.72120509999999,1,0,1,0,0,0,0,0,0,0,1,0,1,0,"4839 BLOOMBURG DR, MISSISSAUGA, ON",0,0,0,1,0,43,0,1,1,0,0,0,1
1-866-706-1991,0,43.5157946,-79.63973759999999,1,0,1,0,0,0,0,0,0,0,1,0,1,0,"1352 EPTON CRES, MISSISSAUGA, ON",0,0,0,1,0,44,0,1,1,0,0,0,1
1-866-706-1991,0,43.5340759,-79.63124839999999,1,0,1,0,0,0,0,0,0,0,1,0,1,0,"1513 CALUMET PL, MISSISSAUGA, ON",0,0,0,1,0,45,0,1,1,0,0,0,1
1-866-706-1991,0,43.5492767,-79.7229512,1,0,1,0,0,0,0,0,0,0,1,0,1,0,"5118 NESTLING GROV, MISSISSAUGA, ON",0,0,0,1,0,46,0,1,1,0,0,0,1
1-866-706-1991,0,43.5352542,-79.6944481,1,0,1,0,0,0,0,0,0,0,1,0,1,0,"3535 PITCH PINE CRES, MISSISSAUGA, ON",0,0,0,1,0,47,0,1,1,0,0,0,1
1-866-706-1991,0,43.5276748,-79.710267,1,0,1,0,0,0,0,0,0,0,1,0,1,0,"3964 RUSHTON CRES, MISSISSAUGA, ON",0,0,0,1,0,48,0,1,1,0,0,0,1
1-866-706-1991,0,43.5432886,-79.6676179,1,0,1,0,0,0,0,0,0,0,1,0,1,0,"1905 BROAD HOLLOW GATE, MISSISSAUGA, ON",0,0,0,1,0,49,0,1,1,0,0,0,1
1-866-706-1991,0,43.54930239999999,-79.7231199,1,0,1,0,0,0,0,0,0,0,1,0,1,0,"5122 NESTLING GROV, MISSISSAUGA, ON",0,0,0,1,0,50,0,1,1,0,0,0,1
1-866-706-1991,0,43.555839,-79.7412543,1,0,1,0,0,0,0,0,0,0,1,0,1,0,"5639 RALEIGH ST, MISSISSAUGA, ON",0,0,0,1,0,51,0,1,1,0,0,0,1
1-866-706-1991,0,43.5753616,-79.78405479999999,1,0,1,0,0,0,0,0,0,0,1,0,1,0,"6963 LISANNE CRT, MISSISSAUGA, ON",0,0,0,1,0,52,0,1,1,0,0,0,1
1-866-706-1991,0,43.5533951,-79.72630029999999,1,0,1,0,0,0,0,0,0,0,1,0,1,0,"3221 CABANO CRES, MISSISSAUGA, ON",0,0,0,1,0,53,0,1,1,0,0,0,1
1-866-706-1991,0,43.5378395,-79.7046586,1,0,1,0,0,0,0,0,0,0,1,0,1,0,"3055 PRENTISS RD, MISSISSAUGA, ON",0,0,0,1,0,55,0,1,1,0,0,0,1
1-866-706-1991,0,43.5575437,-79.7410062,1,0,1,0,0,0,0,0,0,0,1,0,1,0,"5588 WATERWIND CRES, MISSISSAUGA, ON",0,0,0,1,0,54,0,1,1,0,0,0,1
1-866-706-1991,0,43.5383763,-79.64087289999999,1,0,1,0,0,0,0,0,0,0,1,0,1,0,"2158 HESWALL CRT, MISSISSAUGA, ON",0,0,0,1,0,56,0,1,1,0,0,0,1
1-866-706-1991,0,43.532143,-79.6283377,1,0,1,0,0,0,0,0,0,0,1,0,1,0,"1446 CHASEHURST DR, MISSISSAUGA, ON",0,0,0,1,0,57,0,1,1,0,0,0,1
1-866-706-1991,0,43.5822249,-79.7719243,1,0,1,0,0,0,0,0,0,0,1,0,1,0,"3157 HARRIS CRES, MISSISSAUGA, ON",0,0,0,1,0,58,0,1,1,0,0,0,1
1-866-706-1991,0,43.5289875,-79.6955267,1,0,1,0,0,0,0,0,0,0,1,0,1,0,"3088 THE COLLEGEWAY , MISSISSAUGA, ON",0,0,0,1,0,59,0,1,1,0,0,0,1
1-866-706-1991,0,43.53931970000001,-79.7311376,1,0,1,0,0,0,0,0,0,0,1,0,1,0,"5057 CHURCHILL MEADOWS BLVD, MISSISSAUGA, ON",0,0,0,1,0,60,0,1,1,0,0,0,1
1-866-706-1991,0,43.5424219,-79.70262029999999,1,0,1,0,0,0,0,0,0,0,1,0,1,0,"4192 TAFFEY CRES, MISSISSAUGA, ON",0,0,0,1,0,61,0,1,1,0,0,0,1
1-866-706-1991,0,43.5314521,-79.69591419999999,1,0,1,0,0,0,0,0,0,0,1,0,1,0,"3044 HARVEY CRES, MISSISSAUGA, ON",0,0,0,1,0,64,0,1,1,0,0,0,1
1-866-706-1991,0,43.5823092,-79.7925983,1,0,0,0,0,0,0,0,0,0,1,0,1,0,"7301 ROSEHURST DR, MISSISSAUGA, ON",0,0,0,1,0,63,0,1,1,0,0,0,1
1-866-706-1991,0,43.5423654,-79.6992351,1,0,1,0,0,0,0,0,0,0,1,0,1,0,"4113 JEFTON CRES, MISSISSAUGA, ON",0,0,0,1,0,65,0,1,1,0,0,0,1
1-866-706-1991,0,43.5754171,-79.7373805,1,0,1,0,0,0,0,0,0,0,1,0,1,0,"5977 CHIDHAM CRES, MISSISSAUGA, ON",0,0,0,1,0,62,0,1,1,0,0,0,1
1-866-706-1991,0,43.5533099,-79.69287450000002,1,0,1,0,0,0,0,0,0,0,1,0,1,0,"2469 PLOUGHSHARE CRT, MISSISSAUGA, ON",0,0,0,1,0,67,0,1,1,0,0,0,1
1-866-706-1991,0,43.5368986,-79.72202419999999,1,0,1,0,0,0,0,0,0,0,1,0,1,0,"3398 COVENT CRES, MISSISSAUGA, ON",0,0,0,1,0,66,0,1,1,0,0,0,1
1-866-706-1991,0,43.5421698,-79.7377407,1,0,1,0,0,0,0,0,0,0,1,0,1,0,"5355 MALLORY RD, MISSISSAUGA, ON",0,0,0,1,0,68,0,1,1,0,0,0,1
1-866-706-1991,0,43.5709057,-79.7626817,1,0,1,0,0,0,0,0,0,0,1,0,1,0,"6444 LONGSPUR RD, MISSISSAUGA, ON",0,0,0,1,0,69,0,1,1,0,0,0,1
1-866-706-1991,0,43.5775209,-79.7279527,1,0,1,0,0,0,0,0,0,0,1,0,1,0,"5762 TURNEY DR, MISSISSAUGA, ON",0,0,0,1,0,70,0,1,1,0,0,0,1
1-866-706-1991,0,43.5348978,-79.6652319,1,0,1,0,0,0,0,0,0,0,1,0,1,0,"2600 COMET CRT, MISSISSAUGA, ON",0,0,0,1,0,73,0,1,1,0,0,0,1
1-866-706-1991,0,43.5307665,-79.68767969999999,1,0,1,0,0,0,0,0,0,0,1,0,1,0,"3285 TALLMAST CRES, MISSISSAUGA, ON",0,0,0,1,0,71,0,1,1,0,0,0,1
1-866-706-1991,0,43.5706055,-79.7188298,1,0,1,0,0,0,0,0,0,0,1,0,1,0,"2376 BANKSIDE DR, MISSISSAUGA, ON",0,0,0,1,0,72,0,1,1,0,0,0,1
1-866-706-1991,0,43.5442074,-79.7210796,1,0,1,0,0,0,0,0,0,0,1,0,1,0,"3350 SOUTHWICK ST, MISSISSAUGA, ON",0,0,0,1,0,75,0,1,1,0,0,0,1
1-866-706-1991,0,43.5744639,-79.75932949999999,1,0,1,0,0,0,0,0,0,0,1,0,1,0,"6444 COLEBROOK CRES, MISSISSAUGA, ON",0,0,0,1,0,74,0,1,1,0,0,0,1
1-866-706-1991,0,43.5805142,-79.75357790000001,1,0,1,0,0,0,0,0,0,0,1,0,1,0,"5565 MONTEVIDEO RD, MISSISSAUGA, ON",0,0,0,1,0,76,0,1,1,0,0,0,1
1-866-706-1991,0,43.5380165,-79.6560554,1,0,1,0,0,0,0,0,0,0,1,0,1,0,"2476 ST. WYNTEN'S CRT, MISSISSAUGA, ON",0,0,0,1,0,77,0,1,1,0,0,0,1
1-866-706-1991,0,43.52023459999999,-79.6391482,1,0,1,0,0,0,0,0,0,0,1,0,1,0,"2121 BARSUDA DR, MISSISSAUGA, ON",0,0,0,1,0,79,0,1,1,0,0,0,1
1-866-706-1991,0,43.5702345,-79.75338649999999,1,0,1,0,0,0,0,0,0,0,1,0,1,0,"6224 MILLER'S GROV, MISSISSAUGA, ON",0,0,0,1,0,80,0,1,1,0,0,0,1
1-866-706-1991,0,43.5337519,-79.6998009,1,0,1,0,0,0,0,0,0,0,1,0,1,0,"3657 STRATTON WOODS CRT, MISSISSAUGA, ON",0,0,0,1,0,78,0,1,1,0,0,0,1
1-866-706-1991,0,43.540898,-79.6956177,1,0,1,0,0,0,0,0,0,0,1,0,1,0,"2804 CATHIAN CRT, MISSISSAUGA, ON",0,0,0,1,0,81,0,1,1,0,0,0,1
1-866-706-1991,0,43.5172138,-79.6407629,1,0,1,0,0,0,0,0,0,0,1,0,1,0,"1367 LUDBROOK CRT, MISSISSAUGA, ON",0,0,0,1,0,82,0,1,1,0,0,0,1
1-866-706-1991,0,43.5206266,-79.6691611,1,0,1,0,0,0,0,0,0,0,1,0,1,0,"2525 BARCELLA CRES, MISSISSAUGA, ON",0,0,0,1,0,83,0,1,1,0,0,0,1
1-866-706-1991,0,43.5653484,-79.7561187,1,0,1,0,0,0,0,0,0,0,1,0,1,0,"3315 SUNDEW CRT, MISSISSAUGA, ON",0,0,0,1,0,84,0,1,1,0,0,0,1
1-866-706-1991,0,43.5922106,-79.7843386,1,0,0,0,0,0,0,0,0,0,1,0,1,0,"7377 JAYSNEST RD, MISSISSAUGA, ON",0,0,0,1,0,86,0,1,1,0,0,0,1
1-866-706-1991,0,43.55989599999999,-79.7466805,1,0,1,0,0,0,0,0,0,0,1,0,1,0,"5846 TERRAPARK TR, MISSISSAUGA, ON",0,0,0,1,0,85,0,1,1,0,0,0,1
1-866-706-1991,0,43.58881820000001,-79.77636799999999,1,0,1,0,0,0,0,0,0,0,1,0,1,0,"7209 DANTON PROMENADE , MISSISSAUGA, ON",0,0,0,1,0,87,0,1,1,0,0,0,1
1-866-706-1991,0,43.5137131,-79.6498153,1,0,1,0,0,0,0,0,0,0,1,0,1,0,"2407 BONNER RD, MISSISSAUGA, ON",0,0,0,1,0,88,0,1,1,0,0,0,1
1-866-706-1991,0,43.5466059,-79.7395777,1,0,1,0,0,0,0,0,0,0,1,0,1,0,"5433 CHURCHILL MEADOWS BLVD, MISSISSAUGA, ON",0,0,0,1,0,89,0,1,1,0,0,0,1
1-866-706-1991,0,43.5330702,-79.62496279999999,1,0,1,0,0,0,0,0,0,0,1,0,1,0,"1394 LORNE PARK RD, MISSISSAUGA, ON",0,0,0,1,0,91,0,1,1,0,0,0,1
1-866-706-1991,0,43.5248399,-79.6438289,1,0,1,0,0,0,0,0,0,0,1,0,1,0,"1952 DAVEBROOK RD, MISSISSAUGA, ON",0,0,0,1,0,90,0,1,1,0,0,0,1
1-866-706-1991,0,43.543266,-79.7228435,1,0,1,0,0,0,0,0,0,0,1,0,1,0,"3413 SOUTHWICK ST, MISSISSAUGA, ON",0,0,0,1,0,92,0,1,1,0,0,0,1
1-866-706-1991,0,43.5753239,-79.7309065,1,0,1,0,0,0,0,0,0,0,1,0,1,0,"5877 LEESIDE CRES, MISSISSAUGA, ON",0,0,0,1,0,94,0,1,1,0,0,0,1
1-866-706-1991,0,43.512714,-79.641442,1,0,1,0,0,0,0,0,0,0,1,0,1,0,"2209 BOSTOCK CRES, MISSISSAUGA, ON",0,0,0,1,0,93,0,1,1,0,0,0,1
1-866-706-1991,0,43.5219451,-79.6708149,1,0,1,0,0,0,0,0,0,0,1,0,1,0,"2523 HOMELANDS DR, MISSISSAUGA, ON",0,0,0,1,0,96,0,1,1,0,0,0,1
1-866-706-1991,0,43.5779696,-79.7365866,1,0,1,0,0,0,0,0,0,0,1,0,1,0,"5917 FEATHERHEAD CRES, MISSISSAUGA, ON",0,0,0,1,0,95,0,1,1,0,0,0,1
1-866-706-1991,0,43.5424541,-79.72621520000001,1,0,1,0,0,0,0,0,0,0,1,0,1,0,"3308 FLAGSTONE DR, MISSISSAUGA, ON",0,0,0,1,0,97,0,1,1,0,0,0,1
1-866-706-1991,0,43.5528526,-79.7440091,1,0,1,0,0,0,0,0,0,0,1,0,1,0,"5673 FRESHWATER DR, MISSISSAUGA, ON",0,0,0,1,0,98,0,1,1,0,0,0,1
1-866-706-1991,0,43.5244645,-79.6362537,1,0,1,0,0,0,0,0,0,0,1,0,1,0,"1806 DELANEY DR, MISSISSAUGA, ON",0,0,0,1,0,99,0,1,1,0,0,0,1
1-866-706-1991,0,43.5364924,-79.7020976,1,0,1,0,0,0,0,0,0,0,1,0,1,0,"4021 CHADBURN CRES, MISSISSAUGA, ON",0,0,0,1,0,100,0,1,1,0,0,0,1
1-866-706-1991,0,43.55503969999999,-79.6874102,1,0,0,0,0,0,0,0,0,0,1,0,1,0,"4162 POWDERHORN CRES, MISSISSAUGA, ON",0,0,0,1,0,102,0,1,1,0,0,0,1
1-866-706-1991,0,43.5614981,-79.7359457,1,0,1,0,0,0,0,0,0,0,1,0,1,0,"3076 TURBINE CRES, MISSISSAUGA, ON",0,0,0,1,0,101,0,1,1,0,0,0,1
1-866-706-1991,0,43.5540544,-79.7251778,1,0,1,0,0,0,0,0,0,0,1,0,1,0,"3159 CABANO CRES, MISSISSAUGA, ON",0,0,0,1,0,103,0,1,1,0,0,0,1
1-866-706-1991,0,43.55344119999999,-79.68395319999999,0,1,0,0,0,0,0,0,0,0,1,0,1,0,"4203 WHEELWRIGHT CRES, MISSISSAUGA, ON",0,0,0,1,0,105,0,1,1,0,0,0,1
1-866-706-1991,0,43.5110231,-79.6543942,1,0,0,0,0,0,0,0,0,0,1,0,1,0,"2615 LUNDIGAN DR, MISSISSAUGA, ON",0,0,0,1,0,104,0,1,1,0,0,0,1
1-866-706-1991,0,43.5566997,-79.73095169999999,1,0,1,0,0,0,0,0,0,0,1,0,1,0,"3093 DOYLE ST, MISSISSAUGA, ON",0,0,0,1,0,107,0,1,1,0,0,0,1
1-866-706-1991,0,43.5403797,-79.7182086,1,0,1,0,0,0,0,0,0,0,1,0,1,0,"4797 ST. MARTIN MEWS, MISSISSAUGA, ON",0,0,0,1,0,106,0,1,1,0,0,0,1
1-866-706-1991,0,43.5004153,-79.6501009,1,0,0,0,0,0,0,0,0,0,1,0,1,0,"2693 WIDEMARR RD, MISSISSAUGA, ON",0,0,0,1,0,108,0,1,1,0,0,0,1
1-866-706-1991,0,43.564229,-79.7398276,1,0,1,0,0,0,0,0,0,0,1,0,1,0,"3037 OWLS FOOT DR, MISSISSAUGA, ON",0,0,0,1,0,109,0,1,1,0,0,0,1
1-866-706-1991,0,43.5712536,-79.7616821,1,0,1,0,0,0,0,0,0,0,1,0,1,0,"6432 WARBLER LANE, MISSISSAUGA, ON",0,0,0,1,0,110,0,1,1,0,0,0,1
1-866-706-1991,0,43.5420901,-79.703122,1,0,1,0,0,0,0,0,0,0,1,0,1,0,"3976 TAFFEY CRES, MISSISSAUGA, ON",0,0,0,1,0,111,0,1,1,0,0,0,1
1-866-706-1991,0,43.5277884,-79.6579806,1,0,1,0,0,0,0,0,0,0,1,0,1,0,"2311 MALDEN CRT, MISSISSAUGA, ON",0,0,0,1,0,113,0,1,1,0,0,0,1
1-866-706-1991,0,43.5651298,-79.7463138,1,0,1,0,0,0,0,0,0,0,1,0,1,0,"5854 CHALFONT CRES, MISSISSAUGA, ON",0,0,0,1,0,112,0,1,1,0,0,0,1
1-866-706-1991,0,43.5283929,-79.6843074,1,0,1,0,0,0,0,0,0,0,1,0,1,0,"2942 WINDJAMMER RD, MISSISSAUGA, ON",0,0,0,1,0,114,0,1,1,0,0,0,1
1-866-706-1991,0,43.5623277,-79.702213,0,1,0,0,0,0,0,0,0,0,1,0,1,0,"2000 CREDIT VALLEY RD, MISSISSAUGA, ON",0,0,0,1,0,115,0,1,1,0,0,0,1
1-866-706-1991,0,43.5457611,-79.7308517,1,0,1,0,0,0,0,0,0,0,1,0,1,0,"3294 ERIN CENTRE BLVD, MISSISSAUGA, ON",0,0,0,1,0,116,0,1,1,0,0,0,1
1-866-706-1991,0,43.54856780000001,-79.7405339,1,0,1,0,0,0,0,0,0,0,1,0,1,0,"3770 BARLEY TR, MISSISSAUGA, ON",0,0,0,1,0,117,0,1,1,0,0,0,1
1-866-706-1991,0,43.5761281,-79.7242024,1,0,1,0,0,0,0,0,0,0,1,0,1,0,"27 VISTA DR, MISSISSAUGA, ON",0,0,0,1,0,118,0,1,1,0,0,0,1
1-866-706-1991,0,43.5843347,-79.77311730000001,1,0,1,0,0,0,0,0,0,0,1,0,1,0,"7079 CORDINGLEY CRES, MISSISSAUGA, ON",0,0,0,1,0,119,0,1,1,0,0,0,1
1-866-706-1991,0,43.564264,-79.74642,1,0,1,0,0,0,0,0,0,0,1,0,1,0,"3150 WORKMAN DR, MISSISSAUGA, ON",0,0,0,1,0,121,0,1,1,0,0,0,1
1-866-706-1991,0,43.5812367,-79.7803031,1,0,1,0,0,0,0,0,0,0,1,0,1,0,"7206 TRIUMPH LANE, MISSISSAUGA, ON",0,0,0,1,0,120,0,1,1,0,0,0,1
1-866-706-1991,0,43.555114,-79.7362404,0,1,0,0,0,0,0,0,0,0,1,0,1,0,"5427 TENTH LINE WEST , MISSISSAUGA, ON",0,0,0,1,0,122,0,1,1,0,0,0,1
1-866-706-1991,0,43.5392593,-79.6909665,1,0,1,0,0,0,0,0,0,0,1,0,1,0,"3555 ASH ROW CRES, MISSISSAUGA, ON",0,0,0,1,0,124,0,1,1,0,0,0,1
1-866-706-1991,0,43.5502036,-79.737273,0,1,0,0,0,0,0,0,0,0,1,0,1,0,"3335 TACC DR, MISSISSAUGA, ON",0,0,0,1,0,123,0,1,1,0,0,0,1
1-866-706-1991,0,43.5282479,-79.6545144,1,0,1,0,0,0,0,0,0,0,1,0,1,0,"2219 SPRINGFIELD CRT, MISSISSAUGA, ON",0,0,0,1,0,125,0,1,1,0,0,0,1
1-866-706-1991,0,43.5222503,-79.68942609999999,1,0,1,0,0,0,0,0,0,0,1,0,1,0,"3132 DOVETAIL MEWS, MISSISSAUGA, ON",0,0,0,1,0,126,0,1,1,0,0,0,1
1-866-706-1991,0,43.5895314,-79.7652574,1,0,0,0,0,0,0,0,0,0,1,0,1,0,"6908 BILBAO LANE, MISSISSAUGA, ON",0,0,0,1,0,128,0,1,1,0,0,0,1
1-866-706-1991,0,43.5200283,-79.6944735,1,0,1,0,0,0,0,0,0,0,1,0,1,0,"3237 COLDSTREAM RD, MISSISSAUGA, ON",0,0,0,1,0,127,0,1,1,0,0,0,1
1-866-706-1991,0,43.5342254,-79.65122,1,0,1,0,0,0,0,0,0,0,1,0,1,0,"1830 FRIAR TUCK CRT, MISSISSAUGA, ON",0,0,0,1,0,129,0,1,1,0,0,0,1
1-866-706-1991,0,43.5236834,-79.6427083,1,0,1,0,0,0,0,0,0,0,1,0,1,0,"1958 DEANHOME RD, MISSISSAUGA, ON",0,0,0,1,0,130,0,1,1,0,0,0,1
1-866-706-1991,0,43.5344167,-79.682779,1,0,1,0,0,0,0,0,0,0,1,0,1,0,"3426 MARTIN'S PINE CRES, MISSISSAUGA, ON",0,0,0,1,0,131,0,1,1,0,0,0,1
1-866-706-1991,0,43.5820805,-79.7905679,1,0,1,0,0,0,0,0,0,0,1,0,1,0,"3680 WATERFALL CRES, MISSISSAUGA, ON",0,0,0,1,0,132,0,1,1,0,0,0,1
1-866-706-1991,0,43.5076606,-79.65849949999999,1,0,0,0,0,0,0,0,0,0,1,0,1,0,"1528 BANWELL RD, MISSISSAUGA, ON",0,0,0,1,0,133,0,1,1,0,0,0,1
1-866-706-1991,0,43.5199588,-79.631374,1,0,1,0,0,0,0,0,0,0,1,0,1,0,"1227 APRIL DR, MISSISSAUGA, ON",0,0,0,1,0,134,0,1,1,0,0,0,1
1-866-706-1991,0,43.5536725,-79.7542385,1,0,1,0,0,0,0,0,0,0,1,0,1,0,"5868 RAFTSMAN COVE , MISSISSAUGA, ON",0,0,0,1,0,135,0,1,1,0,0,0,1
1-866-706-1991,0,43.59439829999999,-79.77645559999999,0,1,0,0,0,0,0,0,0,0,1,0,1,0,"2954 RAINWATER DR, MISSISSAUGA, ON",0,0,0,1,0,136,0,1,1,0,0,0,1
1-866-706-1991,0,43.5542609,-79.74850810000001,1,0,1,0,0,0,0,0,0,0,1,0,1,0,"3672 EMERY DR, MISSISSAUGA, ON",0,0,0,1,0,137,0,1,1,0,0,0,1
1-866-706-1991,0,43.5761066,-79.77306910000001,1,0,1,0,0,0,0,0,0,0,1,0,1,0,"3761 TRELAWNY CIR, MISSISSAUGA, ON",0,0,0,1,0,138,0,1,1,0,0,0,1
1-866-706-1991,0,43.5431885,-79.7011517,1,0,1,0,0,0,0,0,0,0,1,0,1,0,"4176 MARTLEN CRES, MISSISSAUGA, ON",0,0,0,1,0,139,0,1,1,0,0,0,1
1-866-706-1991,0,43.5769883,-79.7547737,1,0,1,0,0,0,0,0,0,0,1,0,1,0,"6428 CHAUMONT CRES, MISSISSAUGA, ON",0,0,0,1,0,140,0,1,1,0,0,0,1
1-866-706-1991,0,43.5636495,-79.7057059,1,0,1,0,0,0,0,0,0,0,1,0,1,0,"4920 FOREST HILL DR, MISSISSAUGA, ON",0,0,0,1,0,141,0,1,1,0,0,0,1
1-866-706-1991,0,43.54953709999999,-79.7329331,1,0,1,0,0,0,0,0,0,0,1,0,1,0,"3295 PRINGLE PL, MISSISSAUGA, ON",0,0,0,1,0,142,0,1,1,0,0,0,1
1-866-706-1991,0,43.5478581,-79.7107465,1,0,1,0,0,0,0,0,0,0,1,0,1,0,"2629 CREDIT VALLEY RD, MISSISSAUGA, ON",0,0,0,1,0,143,0,1,1,0,0,0,1
1-866-706-1991,0,43.5288093,-79.63330630000002,1,0,1,0,0,0,0,0,0,0,1,0,1,0,"1640 BRAMSEY DR, MISSISSAUGA, ON",0,0,0,1,0,144,0,1,1,0,0,0,1
1-866-706-1991,0,43.57327,-79.7519805,1,0,1,0,0,0,0,0,0,0,1,0,1,0,"3028 TOURS RD, MISSISSAUGA, ON",0,0,0,1,0,145,0,1,1,0,0,0,1
1-866-706-1991,0,43.5736644,-79.783569,1,0,1,0,0,0,0,0,0,0,1,0,1,0,"6842 DILLINGWOOD DR, MISSISSAUGA, ON",0,0,0,1,0,146,0,1,1,0,0,0,1
1-866-706-1991,0,43.5559313,-79.7309927,1,0,1,0,0,0,0,0,0,0,1,0,1,0,"5664 FUDGE TERR, MISSISSAUGA, ON",0,0,0,1,0,147,0,1,1,0,0,0,1
1-866-706-1991,0,43.57416509999999,-79.7571502,1,0,1,0,0,0,0,0,0,0,1,0,1,0,"3097 CANTELON CRES, MISSISSAUGA, ON",0,0,0,1,0,148,0,1,1,0,0,0,1
1-866-706-1991,0,43.5677885,-79.7039604,1,0,1,0,0,0,0,0,0,0,1,0,1,0,"5145 FOREST HILL DR, MISSISSAUGA, ON",0,0,0,1,0,149,0,1,1,0,0,0,1
1-866-706-1991,0,43.5788401,-79.7653593,1,0,1,0,0,0,0,0,0,0,1,0,1,0,"3128 STEVENAGE CRT, MISSISSAUGA, ON",0,0,0,1,0,150,0,1,1,0,0,0,1
1-866-706-1991,0,43.5260271,-79.6980471,1,0,1,0,0,0,0,0,0,0,1,0,1,0,"3440 MARMAC CRES, MISSISSAUGA, ON",0,0,0,1,0,151,0,1,1,0,0,0,1
1-866-706-1991,0,43.5827241,-79.78514349999999,1,0,1,0,0,0,0,0,0,0,1,0,1,0,"7283 BLACK WALNUT TR, MISSISSAUGA, ON",0,0,0,1,0,153,0,1,1,0,0,0,1
1-866-706-1991,0,43.574701,-79.7827336,1,0,1,0,0,0,0,0,0,0,1,0,1,0,"3910 RIPPLETON LANE, MISSISSAUGA, ON",0,0,0,1,0,152,0,1,1,0,0,0,1
1-866-706-1991,0,43.5839291,-79.7925011,1,0,0,0,0,0,0,0,0,0,1,0,1,0,"3716 GOLDEN LOCUST DR, MISSISSAUGA, ON",0,0,0,1,0,154,0,1,1,0,0,0,1
1-866-706-1991,0,43.5157254,-79.6348369,1,0,1,0,0,0,0,0,0,0,1,0,1,0,"2029 HINDHEAD RD, MISSISSAUGA, ON",0,0,0,1,0,155,0,1,1,0,0,0,1
1-866-706-1991,0,43.5514894,-79.730063,1,0,1,0,0,0,0,0,0,0,1,0,1,0,"3153 CLIPPERTON DR, MISSISSAUGA, ON",0,0,0,1,0,156,0,1,1,0,0,0,1
1-866-706-1991,0,43.58073690000001,-79.7767471,1,0,1,0,0,0,0,0,0,0,1,0,1,0,"3295 CORALBEAN PL, MISSISSAUGA, ON",0,0,0,1,0,157,0,1,1,0,0,0,1
1-866-706-1991,0,43.588921,-79.7498372,1,0,0,0,0,0,0,0,0,0,1,0,1,0,"2542 VALENCIA RD, MISSISSAUGA, ON",0,0,0,1,0,158,0,1,1,0,0,0,1
1-866-706-1991,0,43.5910347,-79.78541450000002,1,0,0,0,0,0,0,0,0,0,1,0,1,0,"7634 DOVERWOOD DR, MISSISSAUGA, ON",0,0,0,1,0,159,0,1,1,0,0,0,1
1-866-706-1991,0,43.5484585,-79.715727,1,0,1,0,0,0,0,0,0,0,1,0,1,0,"2721 LINDHOLM CRES, MISSISSAUGA, ON",0,0,0,1,0,160,0,1,1,0,0,0,1
1-866-706-1991,0,43.5741006,-79.781481,1,0,1,0,0,0,0,0,0,0,1,0,1,0,"6883 YARROW AVE, MISSISSAUGA, ON",0,0,0,1,0,161,0,1,1,0,0,0,1
1-866-706-1991,0,43.5882144,-79.7449792,1,0,0,0,0,0,0,0,0,0,1,0,1,0,"2460 SURVEYOR RD, MISSISSAUGA, ON",0,0,0,1,0,162,0,1,1,0,0,0,1
1-866-706-1991,0,43.5402549,-79.6640468,1,0,1,0,0,0,0,0,0,0,1,0,1,0,"3043 REDSTART DR, MISSISSAUGA, ON",0,0,0,1,0,163,0,1,1,0,0,0,1
1-866-706-1991,0,43.5113732,-79.6409943,1,0,1,0,0,0,0,0,0,0,1,0,1,0,"1246 NIGEL RD, MISSISSAUGA, ON",0,0,0,1,0,164,0,1,1,0,0,0,1
1-866-706-1991,0,43.5804364,-79.7725656,1,0,1,0,0,0,0,0,0,0,1,0,1,0,"3218 FORRESTDALE CIR, MISSISSAUGA, ON",0,0,0,1,0,165,0,1,1,0,0,0,1
1-866-706-1991,0,43.5713766,-79.730924,1,0,1,0,0,0,0,0,0,0,1,0,1,0,"5813 TAYSIDE CRES, MISSISSAUGA, ON",0,0,0,1,0,166,0,1,1,0,0,0,1
1-866-706-1991,0,43.5638637,-79.74559870000002,1,0,1,0,0,0,0,0,0,0,1,0,1,0,"3152 MALHAM GATE, MISSISSAUGA, ON",0,0,0,1,0,167,0,1,1,0,0,0,1
1-866-706-1991,0,43.560143,-79.75279309999999,1,0,1,0,0,0,0,0,0,0,1,0,1,0,"3691 ARUBA PL, MISSISSAUGA, ON",0,0,0,1,0,168,0,1,1,0,0,0,1
1-866-706-1991,0,43.5869761,-79.76664459999999,1,0,0,0,0,0,0,0,0,0,1,0,1,0,"3005 SALERNO CRES, MISSISSAUGA, ON",0,0,0,1,0,169,0,1,1,0,0,0,1
1-866-706-1991,0,43.57425860000001,-79.72703940000001,1,0,1,0,0,0,0,0,0,0,1,0,1,0,"5633 TURNEY DR, MISSISSAUGA, ON",0,0,0,1,0,170,0,1,1,0,0,0,1
1-866-706-1991,0,43.5424889,-79.7177051,1,0,1,0,0,0,0,0,0,0,1,0,1,0,"4839 DUNOON DR, MISSISSAUGA, ON",0,0,0,1,0,171,0,1,1,0,0,0,1
1-866-706-1991,0,43.5743264,-79.78442369999999,1,0,1,0,0,0,0,0,0,0,1,0,1,0,"6874 DILLINGWOOD DR, MISSISSAUGA, ON",0,0,0,1,0,172,0,1,1,0,0,0,1
1-866-706-1991,0,43.5769751,-79.7330533,1,0,1,0,0,0,0,0,0,0,1,0,1,0,"5955 LEESIDE CRES, MISSISSAUGA, ON",0,0,0,1,0,173,0,1,1,0,0,0,1
1-866-706-1991,0,43.5873263,-79.7885357,1,0,1,0,0,0,0,0,0,0,1,0,1,0,"3323 CACTUS GATE, MISSISSAUGA, ON",0,0,0,1,0,174,0,1,1,0,0,0,1
1-866-706-1991,0,43.5500901,-79.6990335,1,0,1,0,0,0,0,0,0,0,1,0,1,0,"4384 TREETOP CRT, MISSISSAUGA, ON",0,0,0,1,0,175,0,1,1,0,0,0,1
1-866-706-1991,0,43.5348152,-79.6651167,1,0,1,0,0,0,0,0,0,0,1,0,1,0,"2596 COMET CRT, MISSISSAUGA, ON",0,0,0,1,0,176,0,1,1,0,0,0,1
1-866-706-1991,0,43.53758759999999,-79.72296620000002,1,0,1,0,0,0,0,0,0,0,1,0,1,0,"3454 COVENT CRES, MISSISSAUGA, ON",0,0,0,1,0,177,0,1,1,0,0,0,1
1-866-706-1991,0,43.5680833,-79.7562758,1,0,1,0,0,0,0,0,0,0,1,0,1,0,"6237 PRAIRIE CIR, MISSISSAUGA, ON",0,0,0,1,0,178,0,1,1,0,0,0,1
1-866-706-1991,0,43.5458167,-79.7405078,1,0,1,0,0,0,0,0,0,0,1,0,1,0,"5429 TASHA DR, MISSISSAUGA, ON",0,0,0,1,0,179,0,1,1,0,0,0,1
1-866-706-1991,0,43.5319544,-79.6772111,1,0,1,0,0,0,0,0,0,0,1,0,1,0,"2386 DUNWIN DR, MISSISSAUGA, ON",0,0,0,1,0,180,0,1,1,0,0,0,1
1-866-706-1991,0,43.51058039999999,-79.6444562,1,0,0,0,0,0,0,0,0,0,1,0,1,0,"1289 SEAGULL DR, MISSISSAUGA, ON",0,0,0,1,0,181,0,1,1,0,0,0,1
1-866-706-1991,0,43.538293,-79.7058715,1,0,1,0,0,0,0,0,0,0,1,0,1,0,"4189 CHADBURN CRES, MISSISSAUGA, ON",0,0,0,1,0,182,0,1,1,0,0,0,1
1-866-706-1991,0,43.5317796,-79.7045819,1,0,1,0,0,0,0,0,0,0,1,0,1,0,"3720 PRICE CRT, MISSISSAUGA, ON",0,0,0,1,0,183,0,1,1,0,0,0,1
1-866-706-1991,0,43.5373326,-79.6179532,1,0,1,0,0,0,0,0,0,0,1,0,1,0,"1142 ALGONQUIN DR, MISSISSAUGA, ON",0,0,0,1,0,184,0,1,1,0,0,0,1
1-866-706-1991,0,43.5313079,-79.61921799999999,1,0,1,0,0,0,0,0,0,0,1,0,1,0,"1233 LORNE PARK RD, MISSISSAUGA, ON",0,0,0,1,0,185,0,1,1,0,0,0,1
1-866-706-1991,0,43.5801678,-79.7439564,1,0,1,0,0,0,0,0,0,0,1,0,1,0,"2663 QUILL CRES, MISSISSAUGA, ON",0,0,0,1,0,186,0,1,1,0,0,0,1
1-866-706-1991,0,43.5778563,-79.78836249999999,1,0,1,0,0,0,0,0,0,0,1,0,1,0,"3871 DENSBURY DR, MISSISSAUGA, ON",0,0,0,1,0,187,0,1,1,0,0,0,1
1-866-706-1991,0,43.5923613,-79.77909149999999,1,0,1,0,0,0,0,0,0,0,1,0,1,0,"3160 SHADETREE DR, MISSISSAUGA, ON",0,0,0,1,0,189,0,1,1,0,0,0,1
1-866-706-1991,0,43.5809597,-79.79188979999999,1,0,1,0,0,0,0,0,0,0,1,0,1,0,"3950 MILKWOOD CRES, MISSISSAUGA, ON",0,0,0,1,0,190,0,1,1,0,0,0,1
1-866-706-1991,0,43.5772504,-79.7180877,1,0,1,0,0,0,0,0,0,0,1,0,1,0,"35 CALLISTO CRT, MISSISSAUGA, ON",0,0,0,1,0,192,0,1,1,0,0,0,1
1-866-706-1991,0,43.5365915,-79.6267941,1,0,1,0,0,0,0,0,0,0,1,0,1,0,"1328 INDIAN RD, MISSISSAUGA, ON",0,0,0,1,0,191,0,1,1,0,0,0,1
1-866-706-1991,0,43.5549348,-79.7570229,1,0,1,0,0,0,0,0,0,0,1,0,1,0,"3907 FREEMAN TERR, MISSISSAUGA, ON",0,0,0,1,0,193,0,1,1,0,0,0,1
1-866-706-1991,0,43.55857580000001,-79.7500412,1,0,1,0,0,0,0,0,0,0,1,0,1,0,"3373 MCDOWELL DR, MISSISSAUGA, ON",0,0,0,1,0,194,0,1,1,0,0,0,1
1-866-706-1991,0,43.5305566,-79.6667064,1,0,1,0,0,0,0,0,0,0,1,0,1,0,"2224 PERRAN DR, MISSISSAUGA, ON",0,0,0,1,0,195,0,1,1,0,0,0,1
1-866-706-1991,0,43.5607695,-79.7561976,1,0,1,0,0,0,0,0,0,0,1,0,1,0,"5763 PRAIRIE CIR, MISSISSAUGA, ON",0,0,0,1,0,196,0,1,1,0,0,0,1
1-866-706-1991,0,43.5826237,-79.7832514,1,0,1,0,0,0,0,0,0,0,1,0,1,0,"3368 SCOTCH PINE GATE, MISSISSAUGA, ON",0,0,0,1,0,197,0,1,1,0,0,0,1
1-866-706-1991,0,43.5357759,-79.7084575,1,0,1,0,0,0,0,0,0,0,1,0,1,0,"3171 BARWELL RD, MISSISSAUGA, ON",0,0,0,1,0,198,0,1,1,0,0,0,1
1-866-706-1991,0,43.531777,-79.69480589999999,1,0,1,0,0,0,0,0,0,0,1,0,1,0,"2978 PETTIGREW CRES, MISSISSAUGA, ON",0,0,0,1,0,199,0,1,1,0,0,0,1
1-866-706-1991,0,43.536076,-79.682386,1,0,1,0,0,0,0,0,0,0,1,0,1,0,"3366 CHOKECHERRY CRES, MISSISSAUGA, ON",0,0,0,1,0,200,0,1,1,0,0,0,1
1-866-706-1991,0,43.5465115,-79.6908073,1,0,1,0,0,0,0,0,0,0,1,0,1,0,"2828 RAINBOW CRES, MISSISSAUGA, ON",0,0,0,1,0,201,0,1,1,0,0,0,1
1-866-706-1991,0,43.564507,-79.7486419,1,0,1,0,0,0,0,0,0,0,1,0,1,0,"3188 BRITANNIA RD, MISSISSAUGA, ON",0,0,0,1,0,202,0,1,1,0,0,0,1
1-866-706-1991,0,43.5519361,-79.68521729999999,0,1,0,0,0,0,0,0,0,0,1,0,1,0,"4227 STONEMASON CRES, MISSISSAUGA, ON",0,0,0,1,0,204,0,1,1,0,0,0,1
1-866-706-1991,0,43.5055083,-79.6467038,1,0,0,0,0,0,0,0,0,0,1,0,1,0,"2499 SELORD CRT, MISSISSAUGA, ON",0,0,0,1,0,203,0,1,1,0,0,0,1
1-866-706-1991,0,43.52485679999999,-79.6226504,1,0,1,0,0,0,0,0,0,0,1,0,1,0,"1547 TROIKA CRT, MISSISSAUGA, ON",0,0,0,1,0,205,0,1,1,0,0,0,1
1-866-706-1991,0,43.5817247,-79.7670752,1,0,1,0,0,0,0,0,0,0,1,0,1,0,"3084 OLYMPUS MEWS, MISSISSAUGA, ON",0,0,0,1,0,206,0,1,1,0,0,0,1
1-866-706-1991,0,43.5915519,-79.7721341,1,0,1,0,0,0,0,0,0,0,1,0,1,0,"7357 BENDIGO CIR, MISSISSAUGA, ON",0,0,0,1,0,208,0,1,1,0,0,0,1
1-866-706-1991,0,43.5378372,-79.69449209999999,1,0,1,0,0,0,0,0,0,0,0,0,1,0,"3604 AUTUMNLEAF CRES, MISSISSAUGA, ON",0,0,0,1,0,207,0,1,1,0,0,0,1
1-866-706-1991,0,43.5782321,-79.77086039999999,1,0,1,0,0,0,0,0,0,0,1,0,1,0,"3881 TRELAWNY CIR, MISSISSAUGA, ON",0,0,0,1,0,209,0,1,1,0,0,0,1
1-866-706-1991,0,43.5645738,-79.76241449999999,1,0,1,0,0,0,0,0,0,0,1,0,1,0,"3788 FOREST BLUFF CRES, MISSISSAUGA, ON",0,0,0,1,0,210,0,1,1,0,0,0,1
1-866-706-1991,0,43.5535573,-79.6887005,1,0,0,0,0,0,0,0,0,0,1,0,1,0,"4164 TRAPPER CRES, MISSISSAUGA, ON",0,0,0,1,0,211,0,1,1,0,0,0,1
1-866-706-1991,0,43.5398592,-79.7338742,1,0,1,0,0,0,0,0,0,0,1,0,1,0,"3827 CANDLELIGHT DR, MISSISSAUGA, ON",0,0,0,1,0,213,0,1,1,0,0,0,1
1-866-706-1991,0,43.5900443,-79.77707889999999,1,0,1,0,0,0,0,0,0,0,1,0,1,0,"3059 ILOMAR CRT, MISSISSAUGA, ON",0,0,0,1,0,212,0,1,1,0,0,0,1
1-866-706-1991,0,43.5803286,-79.7543024,1,0,1,0,0,0,0,0,0,0,1,0,1,0,"2852 MONTICELLO MEWS, MISSISSAUGA, ON",0,0,0,1,0,214,0,1,1,0,0,0,1
1-866-706-1991,0,43.5593004,-79.7631347,1,0,1,0,0,0,0,0,0,0,1,0,1,0,"3946 PONDVIEW WAY, MISSISSAUGA, ON",0,0,0,1,0,215,0,1,1,0,0,0,1
1-866-706-1991,0,43.538705,-79.72571730000001,1,0,1,0,0,0,0,0,0,0,1,0,1,0,"3566 AQUINAS AVE, MISSISSAUGA, ON",0,0,0,1,0,216,0,1,1,0,0,0,1
1-866-706-1991,0,43.55257719999999,-79.69162519999999,1,0,1,0,0,0,0,0,0,0,1,0,1,0,"2472 COLTER CRT, MISSISSAUGA, ON",0,0,0,1,0,217,0,1,1,0,0,0,1
1-866-706-1991,0,43.53762890000001,-79.697644,1,0,1,0,0,0,0,0,0,0,0,0,1,0,"3144 COUNCIL RING RD, MISSISSAUGA, ON",0,0,0,1,0,218,0,1,1,0,0,0,1
1-866-706-1991,0,43.5480901,-79.713973,1,0,1,0,0,0,0,0,0,0,1,0,1,0,"2660 LINDHOLM CRES, MISSISSAUGA, ON",0,0,0,1,0,219,0,1,1,0,0,0,1
1-866-706-1991,0,43.5706232,-79.7320348,1,0,1,0,0,0,0,0,0,0,1,0,1,0,"2589 QUAIL'S RUN , MISSISSAUGA, ON",0,0,0,1,0,221,0,1,1,0,0,0,1
1-866-706-1991,0,43.5215235,-79.6313656,1,0,1,0,0,0,0,0,0,0,1,0,1,0,"1771 HINDHEAD RD, MISSISSAUGA, ON",0,0,0,1,0,220,0,1,1,0,0,0,1
1-866-706-1991,0,43.5359776,-79.6886653,1,0,1,0,0,0,0,0,0,0,1,0,1,0,"3440 WOODHURST CRES, MISSISSAUGA, ON",0,0,0,1,0,222,0,1,1,0,0,0,1
1-866-706-1991,0,43.5704037,-79.7300192,1,0,1,0,0,0,0,0,0,0,1,0,1,0,"5757 STIBBARD RD, MISSISSAUGA, ON",0,0,0,1,0,223,0,1,1,0,0,0,1
1-866-706-1991,0,43.5916732,-79.7794443,1,0,1,0,0,0,0,0,0,0,1,0,1,0,"3149 PEBBLEWOOD RD, MISSISSAUGA, ON",0,0,0,1,0,224,0,1,1,0,0,0,1
1-866-706-1991,0,43.5344067,-79.6851808,1,0,1,0,0,0,0,0,0,0,1,0,1,0,"3315 MASTHEAD CRES, MISSISSAUGA, ON",0,0,0,1,0,225,0,1,1,0,0,0,1
1-866-706-1991,0,43.5422497,-79.7378765,1,0,1,0,0,0,0,0,0,0,1,0,1,0,"5359 MALLORY RD, MISSISSAUGA, ON",0,0,0,1,0,227,0,1,1,0,0,0,1
1-866-706-1991,0,43.5515641,-79.7386136,0,1,0,0,0,0,0,0,0,0,1,0,1,0,"3376 SUNLIGHT ST, MISSISSAUGA, ON",0,0,0,1,0,226,0,1,1,0,0,0,1
1-866-706-1991,0,43.5610029,-79.7635001,1,0,1,0,0,0,0,0,0,0,1,0,1,0,"3668 SWANSON DR, MISSISSAUGA, ON",0,0,0,1,0,229,0,1,1,0,0,0,1
1-866-706-1991,0,43.5630952,-79.7293443,1,0,1,0,0,0,0,0,0,0,1,0,1,0,"2806 WESTBURY CRT, MISSISSAUGA, ON",0,0,0,1,0,228,0,1,1,0,0,0,1
1-866-706-1991,0,43.5846404,-79.78958999999999,1,0,1,0,0,0,0,0,0,0,1,0,1,0,"7283 BLACKWOOD MEWS, MISSISSAUGA, ON",0,0,0,1,0,230,0,1,1,0,0,0,1
1-866-706-1991,0,43.5801589,-79.7399985,1,0,1,0,0,0,0,0,0,0,1,0,1,0,"2582 INLAKE CRT, MISSISSAUGA, ON",0,0,0,1,0,231,0,1,1,0,0,0,1
1-866-706-1991,0,43.5851248,-79.76874149999999,1,0,1,0,0,0,0,0,0,0,1,0,1,0,"3033 PLUM TREE CRT, MISSISSAUGA, ON",0,0,0,1,0,232,0,1,1,0,0,0,1
1-866-706-1991,0,43.5439959,-79.7227182,1,0,1,0,0,0,0,0,0,0,1,0,1,0,"3394 EGLINTON AVE, MISSISSAUGA, ON",0,0,0,1,0,233,0,1,1,0,0,0,1
1-866-706-1991,0,43.5696815,-79.7480191,1,0,1,0,0,0,0,0,0,0,1,0,1,0,"6091 FULLERTON CRES, MISSISSAUGA, ON",0,0,0,1,0,234,0,1,1,0,0,0,1
1-866-706-1991,0,43.58237,-79.78058,1,0,1,0,0,0,0,0,0,0,1,0,1,0,"7120 TRIUMPH LANE, MISSISSAUGA, ON",0,0,0,1,0,235,0,1,1,0,0,0,1
1-866-706-1991,0,43.5381915,-79.65796069999999,1,0,1,0,0,0,0,0,0,0,1,0,1,0,"2555 MAID MARIAN PL, MISSISSAUGA, ON",0,0,0,1,0,236,0,1,1,0,0,0,1
1-866-706-1991,0,43.5789675,-79.792002,1,0,1,0,0,0,0,0,0,0,1,0,1,0,"3818 MILKWOOD CRES, MISSISSAUGA, ON",0,0,0,1,0,237,0,1,1,0,0,0,1
1-866-706-1991,0,43.5402155,-79.6607578,1,0,1,0,0,0,0,0,0,0,1,0,1,0,"1623 SHERWOOD FORREST CIR, MISSISSAUGA, ON",0,0,0,1,0,238,0,1,1,0,0,0,1
1-866-706-1991,0,43.5523014,-79.6913512,1,0,1,0,0,0,0,0,0,0,1,0,1,0,"2475 GRINDSTONE CRT, MISSISSAUGA, ON",0,0,0,1,0,239,0,1,1,0,0,0,1
1-866-706-1991,0,43.54922579999999,-79.7407981,1,0,1,0,0,0,0,0,0,0,1,0,1,0,"3784 OLAND DR, MISSISSAUGA, ON",0,0,0,1,0,240,0,1,1,0,0,0,1
1-866-706-1991,0,43.5278338,-79.6916315,1,0,1,0,0,0,0,0,0,0,1,0,1,0,"3217 EDEN OAK CRES, MISSISSAUGA, ON",0,0,0,1,0,241,0,1,1,0,0,0,1
1-866-706-1991,0,43.5358002,-79.6656905,1,0,1,0,0,0,0,0,0,0,1,0,1,0,"2631 COMET CRT, MISSISSAUGA, ON",0,0,0,1,0,242,0,1,1,0,0,0,1
1-866-706-1991,0,43.535053,-79.6862507,1,0,1,0,0,0,0,0,0,0,1,0,1,0,"3372 MASTHEAD CRES, MISSISSAUGA, ON",0,0,0,1,0,243,0,1,1,0,0,0,1
1-866-706-1991,0,43.51900759999999,-79.6943792,1,0,1,0,0,0,0,0,0,0,1,0,1,0,"3352 MCMASTER RD, MISSISSAUGA, ON",0,0,0,1,0,244,0,1,1,0,0,0,1
1-866-706-1991,0,43.5738332,-79.7136357,1,0,1,0,0,0,0,0,0,0,1,0,1,0,"288 HILLSIDE DR, MISSISSAUGA, ON",0,0,0,1,0,245,0,1,1,0,0,0,1
1-866-706-1991,0,43.56574850000001,-79.7484928,1,0,1,0,0,0,0,0,0,0,1,0,1,0,"3158 ANDERSON CRES, MISSISSAUGA, ON",0,0,0,1,0,246,0,1,1,0,0,0,1
1-866-706-1991,0,43.5665455,-79.7282445,1,0,1,0,0,0,0,0,0,0,1,0,1,0,"5625 GLEN ERIN DR, MISSISSAUGA, ON",0,0,0,1,0,247,0,1,1,0,0,0,1
1-866-706-1991,0,43.5648439,-79.7409742,1,0,1,0,0,0,0,0,0,0,1,0,1,0,"3125 WRIGGLESWORTH CRES, MISSISSAUGA, ON",0,0,0,1,0,248,0,1,1,0,0,0,1
1-866-706-1991,0,43.536767,-79.6111901,1,0,1,0,0,0,0,0,0,0,1,0,1,0,"1025 WENLEIGH CRT, MISSISSAUGA, ON",0,0,0,1,0,249,0,1,1,0,0,0,1
1-866-706-1991,0,43.5422837,-79.71451669999999,1,0,1,0,0,0,0,0,0,0,1,0,1,0,"3146 ANGEL PASS DR, MISSISSAUGA, ON",0,0,0,1,0,252,0,1,1,0,0,0,1
1-866-706-1991,0,43.5355336,-79.6963596,1,0,1,0,0,0,0,0,0,0,1,0,1,0,"3473 PITCH PINE CRES, MISSISSAUGA, ON",0,0,0,1,0,255,0,1,1,0,0,0,1
1-866-706-1991,0,43.5519686,-79.7314243,1,0,1,0,0,0,0,0,0,0,1,0,1,0,"3180 SEABRIGHT DR, MISSISSAUGA, ON",0,0,0,1,0,257,0,1,1,0,0,0,1
1-866-706-1991,0,43.58088739999999,-79.78620839999999,1,0,1,0,0,0,0,0,0,0,1,0,1,0,"7349 SANDHURST DR, MISSISSAUGA, ON",0,0,0,1,0,259,0,1,1,0,0,0,1
1-866-706-1991,0,43.5812568,-79.72851829999999,0,1,0,0,0,0,0,0,0,0,1,0,1,0,"5988 TURNEY DR, MISSISSAUGA, ON",0,0,0,1,0,256,0,1,1,0,0,0,1
1-866-706-1991,0,43.50228509999999,-79.65194939999999,1,0,0,0,0,0,0,0,0,0,1,0,1,0,"2688 SHERHILL DR, MISSISSAUGA, ON",0,0,0,1,0,258,0,1,1,0,0,0,1
1-866-706-1991,0,43.5943692,-79.761427,1,0,0,0,0,0,0,0,0,0,1,0,1,0,"6940 MONTEVIDEO RD, MISSISSAUGA, ON",0,0,0,1,0,260,0,1,1,0,0,0,1
1-866-706-1991,0,43.5204163,-79.6441962,1,0,1,0,0,0,0,0,0,0,1,0,1,0,"1511 THETFORD CRT, MISSISSAUGA, ON",0,0,0,1,0,262,0,1,1,0,0,0,1
1-866-706-1991,0,43.5387717,-79.6807149,1,0,1,0,0,0,0,0,0,0,1,0,1,0,"2346 BUTTONBUSH CRES, MISSISSAUGA, ON",0,0,0,1,0,261,0,1,1,0,0,0,1
1-866-706-1991,0,43.5586198,-79.7539006,1,0,1,0,0,0,0,0,0,0,1,0,1,0,"5899 MANZANILLO CRES, MISSISSAUGA, ON",0,0,0,1,0,263,0,1,1,0,0,0,1
1-866-706-1991,0,43.5389964,-79.6302681,1,0,1,0,0,0,0,0,0,0,1,0,1,0,"1329 SAGINAW CRES, MISSISSAUGA, ON",0,0,0,1,0,265,0,1,1,0,0,0,1
1-866-706-1991,0,43.5398901,-79.710701,1,0,1,0,0,0,0,0,0,0,0,0,1,0,"3115 PEPPER MILL CRT, MISSISSAUGA, ON",0,0,0,1,0,264,0,1,1,0,0,0,1
1-866-706-1991,0,43.52151370000001,-79.6983079,1,0,1,0,0,0,0,0,0,0,1,0,1,0,"3337 AUBREY RD, MISSISSAUGA, ON",0,0,0,1,0,266,0,1,1,0,0,0,1
1-866-706-1991,0,43.5145393,-79.6537709,1,0,1,0,0,0,0,0,0,0,1,0,1,0,"2402 POPLAR CRES, MISSISSAUGA, ON",0,0,0,1,0,268,0,1,1,0,0,0,1
1-866-706-1991,0,43.5548534,-79.73206669999999,0,1,0,0,0,0,0,0,0,0,1,0,1,0,"3136 GORETTI PL, MISSISSAUGA, ON",0,0,0,1,0,267,0,1,1,0,0,0,1
1-866-706-1991,0,43.58021770000001,-79.75501229999999,1,0,1,0,0,0,0,0,0,0,1,0,1,0,"2857 MONTICELLO MEWS, MISSISSAUGA, ON",0,0,0,1,0,271,0,1,1,0,0,0,1
1-866-706-1991,0,43.5751242,-79.7621964,1,0,1,0,0,0,0,0,0,0,1,0,1,0,"6546 MILLER'S GROV, MISSISSAUGA, ON",0,0,0,1,0,269,0,1,1,0,0,0,1
1-866-706-1991,0,43.5550711,-79.72106099999999,1,0,1,0,0,0,0,0,0,0,1,0,1,0,"5223 BUSHELGROVE CIR, MISSISSAUGA, ON",0,0,0,1,0,270,0,1,1,0,0,0,1
1-866-706-1991,0,43.5802243,-79.7454127,1,0,1,0,0,0,0,0,0,0,1,0,1,0,"2685 LOS PALMAS CRT, MISSISSAUGA, ON",0,0,0,1,0,273,0,1,1,0,0,0,1
1-866-706-1991,0,43.5781761,-79.74672509999999,1,0,1,0,0,0,0,0,0,0,1,0,1,0,"6289 ATHERLY CRES, MISSISSAUGA, ON",0,0,0,1,0,274,0,1,1,0,0,0,1
1-866-706-1991,0,43.532676,-79.6619966,1,0,1,0,0,0,0,0,0,0,1,0,1,0,"2480 PAULA CRT, MISSISSAUGA, ON",0,0,0,1,0,272,0,1,1,0,0,0,1
1-866-706-1991,0,43.5172922,-79.69775020000002,1,1,1,0,0,0,0,0,0,0,0,0,1,0,"3505 LAIRD RD, MISSISSAUGA, ON",0,0,0,1,0,275,0,1,1,0,0,0,1
1-866-706-1991,0,43.5759358,-79.788455,1,0,1,0,0,0,0,0,0,0,1,0,1,0,"3783 DENSBURY DR, MISSISSAUGA, ON",0,0,0,1,0,276,0,1,1,0,0,0,1
1-866-706-1991,0,43.532484,-79.6769163,1,0,1,0,0,0,0,0,0,0,1,0,1,0,"3120 GLEN ERIN DR, MISSISSAUGA, ON",0,0,0,1,0,277,0,1,1,0,0,0,1
1-866-706-1991,0,43.5516929,-79.7255201,1,0,1,0,0,0,0,0,0,0,1,0,1,0,"5254 PALMETTO PL, MISSISSAUGA, ON",0,0,0,1,0,280,0,1,1,0,0,0,1
1-866-706-1991,0,43.576171,-79.77137549999999,1,0,1,0,0,0,0,0,0,0,1,0,1,0,"3796 TRELAWNY CIR, MISSISSAUGA, ON",0,0,0,1,0,279,0,1,1,0,0,0,1
1-866-706-1991,0,43.5882877,-79.7693291,1,0,1,0,0,0,0,0,0,0,1,0,1,0,"2936 ARVIDA CIR, MISSISSAUGA, ON",0,0,0,1,0,278,0,1,1,0,0,0,1
1-866-706-1991,0,43.585533,-79.7796168,1,0,1,0,0,0,0,0,0,0,1,0,1,0,"3218 SCOTCH PINE GATE, MISSISSAUGA, ON",0,0,0,1,0,282,0,1,1,0,0,0,1
1-866-706-1991,0,43.5449041,-79.716971,1,0,1,0,0,0,0,0,0,0,1,0,1,0,"4856 MARBLE ARCH MEWS, MISSISSAUGA, ON",0,0,0,1,0,283,0,1,1,0,0,0,1
1-866-706-1991,0,43.5620713,-79.74408009999999,1,0,1,0,0,0,0,0,0,0,1,0,1,0,"3160 MORNING GLORY MEWS, MISSISSAUGA, ON",0,0,0,1,0,285,0,1,1,0,0,0,1
1-866-706-1991,0,43.5769324,-79.7373928,1,0,1,0,0,0,0,0,0,0,1,0,1,0,"6045 CHIDHAM CRES, MISSISSAUGA, ON",0,0,0,1,0,281,0,1,1,0,0,0,1
1-866-706-1991,0,43.5789051,-79.7547441,1,0,1,0,0,0,0,0,0,0,1,0,1,0,"2899 ARLES MEWS, MISSISSAUGA, ON",0,0,0,1,0,284,0,1,1,0,0,0,1
1-866-706-1991,0,43.5761073,-79.7383839,1,0,1,0,0,0,0,0,0,0,1,0,1,0,"5937 CHIDHAM CRES, MISSISSAUGA, ON",0,0,0,1,0,286,0,1,1,0,0,0,1
1-866-706-1991,0,43.5502388,-79.7203129,0,1,0,0,0,0,0,0,0,0,1,0,1,0,"3175 BOXFORD CRES, MISSISSAUGA, ON",0,0,0,1,0,287,0,1,1,0,0,0,1
1-866-706-1991,0,43.53556529999999,-79.70586709999999,1,0,1,0,0,0,0,0,0,0,1,0,1,0,"4106 LOYALIST DR, MISSISSAUGA, ON",0,0,0,1,0,288,0,1,1,0,0,0,1
1-866-706-1991,0,43.5234447,-79.6789332,1,0,1,0,0,0,0,0,0,0,1,0,1,0,"2623 HAYFORD CRT, MISSISSAUGA, ON",0,0,0,1,0,289,0,1,1,0,0,0,1
1-866-706-1991,0,43.5844227,-79.74695539999999,1,0,1,0,0,0,0,0,0,0,1,0,1,0,"3 MOONSTREAM CRT, MISSISSAUGA, ON",0,0,0,1,0,290,0,1,1,0,0,0,1
1-866-706-1991,0,43.5786642,-79.7249728,1,0,1,0,0,0,0,0,0,0,1,0,1,0,"50 BONHAM BLVD, MISSISSAUGA, ON",0,0,0,1,0,291,0,1,1,0,0,0,1
1-866-706-1991,0,43.5542496,-79.7260137,1,0,1,0,0,0,0,0,0,0,1,0,1,0,"3186 CABANO CRES, MISSISSAUGA, ON",0,0,0,1,0,293,0,1,1,0,0,0,1
1-866-706-1991,0,43.5550307,-79.7487598,1,0,1,0,0,0,0,0,0,0,1,0,1,0,"3638 JORIE CRES, MISSISSAUGA, ON",0,0,0,1,0,294,0,1,1,0,0,0,1
1-866-706-1991,0,43.5751096,-79.7182945,1,0,1,0,0,0,0,0,0,0,1,0,1,0,"12 MERRYDREW CRT, MISSISSAUGA, ON",0,0,0,1,0,292,0,1,1,0,0,0,1
1-866-706-1991,0,43.572992,-79.7323416,1,0,1,0,0,0,0,0,0,0,1,0,1,0,"2677 QUAIL'S RUN , MISSISSAUGA, ON",0,0,0,1,0,295,0,1,1,0,0,0,1
1-866-706-1991,0,43.5516821,-79.7378914,0,1,0,0,0,0,0,0,0,0,1,0,1,0,"5527 CHALLENGER DR, MISSISSAUGA, ON",0,0,0,1,0,296,0,1,1,0,0,0,1
1-866-706-1991,0,43.5172727,-79.6732332,1,0,1,0,0,0,0,0,0,0,1,0,1,0,"2682 HOLLINGTON CRES, MISSISSAUGA, ON",0,0,0,1,0,297,0,1,1,0,0,0,1
1-866-706-1991,0,43.5464716,-79.74205839999999,1,0,1,0,0,0,0,0,0,0,1,0,1,0,"3874 TACC DR, MISSISSAUGA, ON",0,0,0,1,0,298,0,1,1,0,0,0,1
1-866-706-1991,0,43.57075260000001,-79.7657886,1,0,1,0,0,0,0,0,0,0,1,0,1,0,"3367 TRELAWNY CIR, MISSISSAUGA, ON",0,0,0,1,0,300,0,1,1,0,0,0,1
1-866-706-1991,0,43.5327391,-79.7118761,1,0,1,0,0,0,0,0,0,0,1,0,1,0,"4158 ROSSLAND CRES, MISSISSAUGA, ON",0,0,0,1,0,299,0,1,1,0,0,0,1
1-866-706-1991,0,43.5879503,-79.7745948,1,0,1,0,0,0,0,0,0,0,1,0,1,0,"3074 AUGUSTA DR, MISSISSAUGA, ON",0,0,0,1,0,301,0,1,1,0,0,0,1
1-866-706-1991,0,43.50736759999999,-79.6461621,1,0,0,0,0,0,0,0,0,0,1,0,1,0,"2505 BROOKHURST RD, MISSISSAUGA, ON",0,0,0,1,0,304,0,1,1,0,0,0,1
1-866-706-1991,0,43.5196844,-79.6725536,1,0,1,0,0,0,0,0,0,0,1,0,1,0,"2625 ALTADENA CRT, MISSISSAUGA, ON",0,0,0,1,0,302,0,1,1,0,0,0,1
1-866-706-1991,0,43.5074942,-79.6548919,1,0,0,0,0,0,0,0,0,0,1,0,1,0,"2674 TRUSCOTT DR, MISSISSAUGA, ON",0,0,0,1,0,305,0,1,1,0,0,0,1
1-866-706-1991,0,43.5729648,-79.7245112,1,0,1,0,0,0,0,0,0,0,1,0,1,0,"21 ALPHONSE CRES, MISSISSAUGA, ON",0,0,0,1,0,306,0,1,1,0,0,0,1
1-866-706-1991,0,43.5802919,-79.72785429999999,1,0,1,0,0,0,0,0,0,0,1,0,1,0,"5937 SHANDWICK PL, MISSISSAUGA, ON",0,0,0,1,0,307,0,1,1,0,0,0,1
1-866-706-1991,0,43.5380743,-79.70053949999999,1,0,1,0,0,0,0,0,0,0,1,0,1,0,"4156 MARIGOLD CRES, MISSISSAUGA, ON",0,0,0,1,0,308,0,1,1,0,0,0,1
1-866-706-1991,0,43.5737575,-79.7161712,1,0,1,0,0,0,0,0,0,0,1,0,1,0,"2434 YORKTOWN CIR, MISSISSAUGA, ON",0,0,0,1,0,309,0,1,1,0,0,0,1
1-866-706-1991,0,43.5543549,-79.7537488,1,0,1,0,0,0,0,0,0,0,1,0,1,0,"5872 YACHTSMAN CROSSING , MISSISSAUGA, ON",0,0,0,1,0,310,0,1,1,0,0,0,1
1-866-706-1991,0,43.56717,-79.74768,1,0,1,0,0,0,0,0,0,0,1,0,1,0,"6030 EDENWOOD DR, MISSISSAUGA, ON",0,0,0,1,0,312,0,1,1,0,0,0,1
1-866-706-1991,0,43.5855294,-79.7700001,1,0,1,0,0,0,0,0,0,0,1,0,1,0,"6894 HICKLING CRES, MISSISSAUGA, ON",0,0,0,1,0,311,0,1,1,0,0,0,1
1-866-706-1991,0,43.58843,-79.7774191,1,0,1,0,0,0,0,0,0,0,1,0,1,0,"7197 DANTON PROMENADE , MISSISSAUGA, ON",0,0,0,1,0,313,0,1,1,0,0,0,1
1-866-706-1991,0,43.5546335,-79.6893017,1,0,1,0,0,0,0,0,0,0,1,0,1,0,"4199 TRAPPER CRES, MISSISSAUGA, ON",0,0,0,1,0,315,0,1,1,0,0,0,1
1-866-706-1991,0,43.5315368,-79.71297179999999,1,0,1,0,0,0,0,0,0,0,1,0,1,0,"3595 CHARTRAND CRES, MISSISSAUGA, ON",0,0,0,1,0,314,0,1,1,0,0,0,1
1-866-706-1991,0,43.5558013,-79.7328096,0,1,0,0,0,0,0,0,0,0,1,0,1,0,"5505 ETHAN DR, MISSISSAUGA, ON",0,0,0,1,0,316,0,1,1,0,0,0,1
1-866-706-1991,0,43.55612139999999,-79.6873024,1,0,0,0,0,0,0,0,0,0,1,0,1,0,"4195 POWDERHORN CRES, MISSISSAUGA, ON",0,0,0,1,0,317,0,1,1,0,0,0,1
1-866-706-1991,0,43.5384306,-79.624954,1,0,1,0,0,0,0,0,0,0,1,0,1,0,"1516 LORNE WOOD RD, MISSISSAUGA, ON",0,0,0,1,0,318,0,1,1,0,0,0,1
1-866-706-1991,0,43.57201,-79.7179016,1,0,1,0,0,0,0,0,0,0,1,0,1,0,"2304 BANKSIDE DR, MISSISSAUGA, ON",0,0,0,1,0,319,0,1,1,0,0,0,1
1-866-706-1991,0,43.58071520000001,-79.7281787,1,0,1,0,0,0,0,0,0,0,1,0,1,0,"2353 BELCARO WAY, MISSISSAUGA, ON",0,0,0,1,0,320,0,1,1,0,0,0,1
1-866-706-1991,0,43.5540031,-79.6850686,0,1,0,0,0,0,0,0,0,0,1,0,1,0,"4165 WHEELWRIGHT CRES, MISSISSAUGA, ON",0,0,0,1,0,322,0,1,1,0,0,0,1
1-866-706-1991,0,43.5251197,-79.6323133,1,0,1,0,0,0,0,0,0,0,1,0,1,0,"1722 RUSCOMBE CLOSE , MISSISSAUGA, ON",0,0,0,1,0,323,0,1,1,0,0,0,1
1-866-706-1991,0,43.5267558,-79.64290129999999,1,0,1,0,0,0,0,0,0,0,1,0,1,0,"1641 SPRINGWELL AVE, MISSISSAUGA, ON",0,0,0,1,0,321,0,1,1,0,0,0,1
1-866-706-1991,0,43.5666082,-79.7304442,1,0,1,0,0,0,0,0,0,0,1,0,1,0,"5674 GLEN ERIN DR, MISSISSAUGA, ON",0,0,0,1,0,326,0,1,1,0,0,0,1
1-866-706-1991,0,43.5298897,-79.7136731,1,0,1,0,0,0,0,0,0,0,1,0,1,0,"3418 BERTRAND RD, MISSISSAUGA, ON",0,0,0,1,0,325,0,1,1,0,0,0,1
1-866-706-1991,0,43.5291033,-79.7153074,1,0,1,0,0,0,0,0,0,0,1,0,1,0,"3493 BERTRAND RD, MISSISSAUGA, ON",0,0,0,1,0,324,0,1,1,0,0,0,1
1-866-706-1991,0,43.5481748,-79.7003917,1,0,1,0,0,0,0,0,0,0,1,0,1,0,"4276 FLITTER CRT, MISSISSAUGA, ON",0,0,0,1,0,328,0,1,1,0,0,0,1
1-866-706-1991,0,43.5511941,-79.751264,1,0,1,0,0,0,0,0,0,0,1,0,1,0,"3672 BLOOMINGTON CRES, MISSISSAUGA, ON",0,0,0,1,0,329,0,1,1,0,0,0,1
1-866-706-1991,0,43.5671639,-79.7300447,1,0,1,0,0,0,0,0,0,0,1,0,1,0,"5681 GLEN ERIN DR, MISSISSAUGA, ON",0,0,0,1,0,327,0,1,1,0,0,0,1
1-866-706-1991,0,43.5575997,-79.75421329999999,1,0,1,0,0,0,0,0,0,0,1,0,1,0,"5991 MANZANILLO CRES, MISSISSAUGA, ON",0,0,0,1,0,330,0,1,1,0,0,0,1
1-866-706-1991,0,43.5615779,-79.69628349999999,1,0,1,0,0,0,0,0,0,0,1,0,1,0,"2003 KEMPTON PARK DR, MISSISSAUGA, ON",0,0,0,1,0,331,0,1,1,0,0,0,1
1-866-706-1991,0,43.54588589999999,-79.7196005,1,0,1,0,0,0,0,0,0,0,1,0,1,0,"4966 SOUTHAMPTON DR, MISSISSAUGA, ON",0,0,0,1,0,333,0,1,1,0,0,0,1
1-866-706-1991,0,43.5595111,-79.7518376,1,0,1,0,0,0,0,0,0,0,1,0,1,0,"3664 FREEMAN TERR, MISSISSAUGA, ON",0,0,0,1,0,332,0,1,1,0,0,0,1
1-866-706-1991,0,43.5881872,-79.78003009999999,1,0,1,0,0,0,0,0,0,0,1,0,1,0,"7241 HARDING CRES, MISSISSAUGA, ON",0,0,0,1,0,334,0,1,1,0,0,0,1
1-866-706-1991,0,43.5529788,-79.7436743,1,0,1,0,0,0,0,0,0,0,1,0,1,0,"5660 PEGASUS ST, MISSISSAUGA, ON",0,0,0,1,0,335,0,1,1,0,0,0,1
1-866-706-1991,0,43.5759532,-79.7191862,1,0,1,0,0,0,0,0,0,0,1,0,1,0,"159 BONHAM BLVD, MISSISSAUGA, ON",0,0,0,1,0,337,0,1,1,0,0,0,1
1-866-706-1991,0,43.57460580000001,-79.7297511,1,0,1,0,0,0,0,0,0,0,1,0,1,0,"2533 RAGLAN CRT, MISSISSAUGA, ON",0,0,0,1,0,336,0,1,1,0,0,0,1
1-866-706-1991,0,43.57483329999999,-79.7340543,1,0,1,0,0,0,0,0,0,0,1,0,1,0,"6109 LEESIDE CRES, MISSISSAUGA, ON",0,0,0,1,0,338,0,1,1,0,0,0,1
1-866-706-1991,0,43.5797953,-79.78003,1,0,1,0,0,0,0,0,0,0,1,0,1,0,"6887 SUMMER HEIGHTS DR, MISSISSAUGA, ON",0,0,0,1,0,342,0,1,1,0,0,0,1
1-866-706-1991,0,43.5616478,-79.7222874,1,0,1,0,0,0,0,0,0,0,1,0,1,0,"5384 GLEN ERIN DR, MISSISSAUGA, ON",0,0,0,1,0,339,0,1,1,0,0,0,1
1-866-706-1991,0,43.5408128,-79.7272563,1,0,1,0,0,0,0,0,0,0,1,0,1,0,"3545 EGLINTON AVE, MISSISSAUGA, ON",0,0,0,1,0,340,0,1,1,0,0,0,1
1-866-706-1991,0,43.5600566,-79.7505116,1,0,1,0,0,0,0,0,0,0,1,0,1,0,"5884 DELLE DONNE DR, MISSISSAUGA, ON",0,0,0,1,0,341,0,1,1,0,0,0,1
1-866-706-1991,0,43.5728924,-79.7590403,1,0,1,0,0,0,0,0,0,0,1,0,1,0,"3171 BARTHOLOMEW CRES, MISSISSAUGA, ON",0,0,0,1,0,345,0,1,1,0,0,0,1
1-866-706-1991,0,43.56797359999999,-79.7690938,1,0,1,0,0,0,0,0,0,0,1,0,1,0,"3820 CEDAR HEDGE RISE, MISSISSAUGA, ON",0,0,0,1,0,346,0,1,1,0,0,0,1
1-866-706-1991,0,43.5448277,-79.72423479999999,1,0,1,0,0,0,0,0,0,0,1,0,1,0,"3181 ECLIPSE AVE, MISSISSAUGA, ON",0,0,0,1,0,343,0,1,1,0,0,0,1
1-866-706-1991,0,43.5840723,-79.7843169,1,0,1,0,0,0,0,0,0,0,1,0,1,0,"3338 SMOKE TREE RD, MISSISSAUGA, ON",0,0,0,1,0,344,0,1,1,0,0,0,1
1-866-706-1991,0,43.5706345,-79.74509909999999,1,0,1,0,0,0,0,0,0,0,1,0,1,0,"6168 STARFIELD CRES, MISSISSAUGA, ON",0,0,0,1,0,347,0,1,1,0,0,0,1
1-866-706-1991,0,43.5738881,-79.71770219999999,1,0,1,0,0,0,0,0,0,0,1,0,1,0,"2374 YORKTOWN CIR, MISSISSAUGA, ON",0,0,0,1,0,348,0,1,1,0,0,0,1
1-866-706-1991,0,43.5331019,-79.62843219999999,1,0,1,0,0,0,0,0,0,0,1,0,1,0,"1477 CHASEHURST DR, MISSISSAUGA, ON",0,0,0,1,0,349,0,1,1,0,0,0,1
1-866-706-1991,0,43.5691233,-79.7410299,1,0,1,0,0,0,0,0,0,0,1,0,1,0,"5962 GREENSBORO DR, MISSISSAUGA, ON",0,0,0,1,0,350,0,1,1,0,0,0,1
1-866-706-1991,0,43.5754275,-79.7595462,1,0,1,0,0,0,0,0,0,0,1,0,1,0,"6467 COLEBROOK CRES, MISSISSAUGA, ON",0,0,0,1,0,352,0,1,1,0,0,0,1
1-866-706-1991,0,43.58104,-79.78694449999999,1,0,1,0,0,0,0,0,0,0,1,0,1,0,"7358 SANDHURST DR, MISSISSAUGA, ON",0,0,0,1,0,353,0,1,1,0,0,0,1
1-866-706-1991,0,43.5412347,-79.70090859999999,1,0,1,0,0,0,0,0,0,0,1,0,1,0,"4089 TAFFEY CRES, MISSISSAUGA, ON",0,0,0,1,0,351,0,1,1,0,0,0,1
1-866-706-1991,0,43.57127240000001,-79.7352529,1,0,1,0,0,0,0,0,0,0,1,0,1,0,"5811 CORNELL CRES, MISSISSAUGA, ON",0,0,0,1,0,354,0,1,1,0,0,0,1
1-866-706-1991,0,43.5772406,-79.7677721,1,0,1,0,0,0,0,0,0,0,1,0,1,0,"6702 TENTH LINE WEST , MISSISSAUGA, ON",0,0,0,1,0,358,0,1,1,0,0,0,1
1-866-706-1991,0,43.5807875,-79.79406000000002,1,0,0,0,0,0,0,0,0,0,1,0,1,0,"7427 ALLSPICE TR, MISSISSAUGA, ON",0,0,0,1,0,357,0,1,1,0,0,0,1
1-866-706-1991,0,43.51648369999999,-79.6389171,1,0,1,0,0,0,0,0,0,0,1,0,1,0,"1312 CANFORD CRES, MISSISSAUGA, ON",0,0,0,1,0,356,0,1,1,0,0,0,1
1-866-706-1991,0,43.5562072,-79.7313775,1,0,1,0,0,0,0,0,0,0,1,0,1,0,"5648 FUDGE TERR, MISSISSAUGA, ON",0,0,0,1,0,355,0,1,1,0,0,0,1
1-866-706-1991,0,43.5059517,-79.64938699999999,1,0,0,0,0,0,0,0,0,0,1,0,1,0,"1280 PLAYFORD RD, MISSISSAUGA, ON",0,0,0,1,0,360,0,1,1,0,0,0,1
1-866-706-1991,0,43.5842798,-79.725304,1,0,1,0,0,0,0,0,0,0,1,0,1,0,"9 JOYMAR DR, MISSISSAUGA, ON",0,0,0,1,0,359,0,1,1,0,0,0,1
1-866-706-1991,0,43.5715608,-79.71852,1,0,1,0,0,0,0,0,0,0,1,0,1,0,"5558 NORTHRISE RD, MISSISSAUGA, ON",0,0,0,1,0,362,0,1,1,0,0,0,1
1-866-706-1991,0,43.55901040000001,-79.72896750000001,1,0,1,0,0,0,0,0,0,0,1,0,1,0,"5367 QUARTERMAIN CRES, MISSISSAUGA, ON",0,0,0,1,0,361,0,1,1,0,0,0,1
1-866-706-1991,0,43.5203004,-79.69743849999999,1,0,1,0,0,0,0,0,0,0,1,0,1,0,"3416 DOVETAIL MEWS, MISSISSAUGA, ON",0,0,0,1,0,364,0,1,1,0,0,0,1
1-866-706-1991,0,43.5734222,-79.74602279999999,1,0,1,0,0,0,0,0,0,0,1,0,1,0,"2963 WINDWOOD DR, MISSISSAUGA, ON",0,0,0,1,0,363,0,1,1,0,0,0,1
1-866-706-1991,0,43.5237278,-79.6357925,1,0,1,0,0,0,0,0,0,0,1,0,1,0,"1826 DELANEY DR, MISSISSAUGA, ON",0,0,0,1,0,365,0,1,1,0,0,0,1
1-866-706-1991,0,43.5408306,-79.7354833,1,0,1,0,0,0,0,0,0,0,1,0,1,0,"3802 QUIET CREEK DR, MISSISSAUGA, ON",0,0,0,1,0,366,0,1,1,0,0,0,1
1-866-706-1991,0,43.5664858,-79.721103,1,0,1,0,0,0,0,0,0,0,1,0,1,0,"2577 BANFIELD RD, MISSISSAUGA, ON",0,0,0,1,0,369,0,1,1,0,0,0,1
1-866-706-1991,0,43.5823262,-79.74032079999999,0,1,0,0,0,0,0,0,0,0,1,0,1,0,"2481 COBBINSHAW CIR, MISSISSAUGA, ON",0,0,0,1,0,367,0,1,1,0,0,0,1
1-866-706-1991,0,43.5656449,-79.7603907,1,0,1,0,0,0,0,0,0,0,1,0,1,0,"3387 NIGHTHAWK TR, MISSISSAUGA, ON",0,0,0,1,0,368,0,1,1,0,0,0,1
1-866-706-1991,0,43.57712100000001,-79.7806166,1,0,1,0,0,0,0,0,0,0,1,0,1,0,"3808 ALLCROFT RD, MISSISSAUGA, ON",0,0,0,1,0,372,0,1,1,0,0,0,1
1-866-706-1991,0,43.5306508,-79.6695731,1,0,1,0,0,0,0,0,0,0,1,0,1,0,"2322 BELFAST CRES, MISSISSAUGA, ON",0,0,0,1,0,370,0,1,1,0,0,0,1
1-866-706-1991,0,43.5894716,-79.7721007,1,0,1,0,0,0,0,0,0,0,1,0,1,0,"2966 OSLO CRES, MISSISSAUGA, ON",0,0,0,1,0,371,0,1,1,0,0,0,1
1-866-706-1991,0,43.52814009999999,-79.6970113,1,0,1,0,0,0,0,0,0,0,1,0,1,0,"3132 THE COLLEGEWAY , MISSISSAUGA, ON",0,0,0,1,0,373,0,1,1,0,0,0,1
1-866-706-1991,0,43.554685,-79.73731579999999,0,1,0,0,0,0,0,0,0,0,1,0,1,0,"5439 FESTIVAL DR, MISSISSAUGA, ON",0,0,0,1,0,374,0,1,1,0,0,0,1
1-866-706-1991,0,43.5606945,-79.7412956,1,0,1,0,0,0,0,0,0,0,1,0,1,0,"3139 BENTLEY DR, MISSISSAUGA, ON",0,0,0,1,0,376,0,1,1,0,0,0,1
1-866-706-1991,0,43.573224,-79.7409055,1,0,1,0,0,0,0,0,0,0,1,0,1,0,"2751 BUCKLEPOST CRES, MISSISSAUGA, ON",0,0,0,1,0,378,0,1,1,0,0,0,1
1-866-706-1991,0,43.5384201,-79.72839,1,0,1,0,0,0,0,0,0,0,1,0,1,0,"3650 EGLINTON AVE, MISSISSAUGA, ON",0,0,0,1,0,379,0,1,1,0,0,0,1
1-866-706-1991,0,43.5781103,-79.7820613,1,0,1,0,0,0,0,0,0,0,1,0,1,0,"6971 GLORY CRT, MISSISSAUGA, ON",0,0,0,1,0,375,0,1,1,0,0,0,1
1-866-706-1991,0,43.5671258,-79.7672819,1,0,1,0,0,0,0,0,0,0,1,0,1,0,"3812 PERIWINKLE CRES, MISSISSAUGA, ON",0,0,0,1,0,381,0,1,1,0,0,0,1
1-866-706-1991,0,43.5575156,-79.75419959999999,1,0,1,0,0,0,0,0,0,0,1,0,1,0,"5993 MANZANILLO CRES, MISSISSAUGA, ON",0,0,0,1,0,380,0,1,1,0,0,0,1
1-866-706-1991,0,43.5494513,-79.7412362,1,0,1,0,0,0,0,0,0,0,1,0,1,0,"3785 OLAND DR, MISSISSAUGA, ON",0,0,0,1,0,377,0,1,1,0,0,0,1
1-866-706-1991,0,43.5736522,-79.7308403,1,0,1,0,0,0,0,0,0,0,1,0,1,0,"5868 BELL HARBOUR DR, MISSISSAUGA, ON",0,0,0,1,0,383,0,1,1,0,0,0,1
1-866-706-1991,0,43.5538213,-79.7307016,1,0,1,0,0,0,0,0,0,0,1,0,1,0,"3134 TACC DR, MISSISSAUGA, ON",0,0,0,1,0,382,0,1,1,0,0,0,1
1-866-706-1991,0,43.5205344,-79.6922493,1,0,1,0,0,0,0,0,0,0,1,0,1,0,"3190 VALCOURT CRES, MISSISSAUGA, ON",0,0,0,1,0,384,0,1,1,0,0,0,1
1-866-706-1991,0,43.5673989,-79.74744659999999,1,0,1,0,0,0,0,0,0,0,1,0,1,0,"6223 FULLERTON CRES, MISSISSAUGA, ON",0,0,0,1,0,385,0,1,1,0,0,0,1
1-866-706-1991,0,43.5816515,-79.76262810000001,1,0,0,0,0,0,0,0,0,0,1,0,1,0,"6759 KEPLER LANE, MISSISSAUGA, ON",0,0,0,1,0,388,0,1,1,0,0,0,1
1-866-706-1991,0,43.5751801,-79.7822016,1,0,1,0,0,0,0,0,0,0,1,0,1,0,"6914 LISGAR DR, MISSISSAUGA, ON",0,0,0,1,0,389,0,1,1,0,0,0,1
1-866-706-1991,0,43.5739472,-79.76658019999999,1,0,1,0,0,0,0,0,0,0,1,0,1,0,"6453 SNOW GOOSE LANES , MISSISSAUGA, ON",0,0,0,1,0,387,0,1,1,0,0,0,1
1-866-706-1991,0,43.5201821,-79.6772567,1,0,1,0,0,0,0,0,0,0,1,0,1,0,"2702 BARNSTONE CRES, MISSISSAUGA, ON",0,0,0,1,0,390,0,1,1,0,0,0,1
1-866-706-1991,0,43.5939376,-79.7677889,1,0,0,0,0,0,0,0,0,0,1,0,1,0,"7027 TAMAR MEWS, MISSISSAUGA, ON",0,0,0,1,0,386,0,1,1,0,0,0,1
1-866-706-1991,0,43.5663846,-79.7049882,1,0,1,0,0,0,0,0,0,0,1,0,1,0,"2204 ROSEGATE DR, MISSISSAUGA, ON",0,0,0,1,0,391,0,1,1,0,0,0,1
1-866-706-1991,0,43.5514903,-79.70412499999999,1,0,1,0,0,0,0,0,0,0,1,0,1,0,"4429 MARSHDALE CRT, MISSISSAUGA, ON",0,0,0,1,0,393,0,1,1,0,0,0,1
1-866-706-1991,0,43.5458939,-79.74286579999999,1,0,1,0,0,0,0,0,0,0,1,0,1,0,"3906 TACC DR, MISSISSAUGA, ON",0,0,0,1,0,392,0,1,1,0,0,0,1
1-866-706-1991,0,43.56924069999999,-79.7715953,1,0,1,0,0,0,0,0,0,0,1,0,1,0,"6606 ALDERWOOD TR, MISSISSAUGA, ON",0,0,0,1,0,394,0,1,1,0,0,0,1
1-866-706-1991,0,43.5811395,-79.7833095,1,0,1,0,0,0,0,0,0,0,1,0,1,0,"3446 SPIREA TERR, MISSISSAUGA, ON",0,0,0,1,0,396,0,1,1,0,0,0,1
1-866-706-1991,0,43.5710517,-79.717518,1,0,1,0,0,0,0,0,0,0,1,0,1,0,"2355 BANKSIDE DR, MISSISSAUGA, ON",0,0,0,1,0,400,0,1,1,0,0,0,1
1-866-706-1991,0,43.55438909999999,-79.72929359999999,1,0,1,0,0,0,0,0,0,0,1,0,1,0,"5419 OSCAR PETERSON BLVD, MISSISSAUGA, ON",0,0,0,1,0,399,0,1,1,0,0,0,1
1-866-706-1991,0,43.5548456,-79.7520136,1,0,1,0,0,0,0,0,0,0,1,0,1,0,"5831 CORINTHIAN TR, MISSISSAUGA, ON",0,0,0,1,0,407,0,1,1,0,0,0,1
1-866-706-1991,0,43.54276280000001,-79.6965487,1,0,1,0,0,0,0,0,0,0,1,0,1,0,"4065 PHEASANT RUN , MISSISSAUGA, ON",0,0,0,1,0,402,0,1,1,0,0,0,1
1-866-706-1991,0,43.5407921,-79.6766289,1,0,1,0,0,0,0,0,0,0,1,0,1,0,"2041 MILLWAY GATE, MISSISSAUGA, ON",0,0,0,1,0,411,0,1,1,0,0,0,1
1-866-706-1991,0,43.5802565,-79.77463259999999,1,0,1,0,0,0,0,0,0,0,1,0,1,0,"3425 FORRESTDALE CIR, MISSISSAUGA, ON",0,0,0,1,0,413,0,1,1,0,0,0,1
1-866-706-1991,0,43.5925265,-79.7746573,1,0,1,0,0,0,0,0,0,0,1,0,1,0,"7218 BENDIGO CIR, MISSISSAUGA, ON",0,0,0,1,0,416,0,1,1,0,0,0,1
1-866-706-1991,0,43.559542,-79.7006723,1,0,1,0,0,0,0,0,0,0,1,0,1,0,"2038 WINCANTON CRES, MISSISSAUGA, ON",0,0,0,1,0,412,0,1,1,0,0,0,1
1-866-706-1991,0,43.5543846,-79.736077,0,1,0,0,0,0,0,0,0,0,1,0,1,0,"3245 SUNLIGHT ST, MISSISSAUGA, ON",0,0,0,1,0,418,0,1,1,0,0,0,1
1-866-706-1991,0,43.5529778,-79.7504991,1,0,1,0,0,0,0,0,0,0,1,0,1,0,"3747 PEARLSTONE DR, MISSISSAUGA, ON",0,0,0,1,0,415,0,1,1,0,0,0,1
1-866-706-1991,0,43.5741904,-79.78340800000001,1,0,1,0,0,0,0,0,0,0,1,0,1,0,"6853 DILLINGWOOD DR, MISSISSAUGA, ON",0,0,0,1,0,419,0,1,1,0,0,0,1
1-866-706-1991,0,43.5828967,-79.7843874,1,0,1,0,0,0,0,0,0,0,1,0,1,0,"3372 SNOWBALL RD, MISSISSAUGA, ON",0,0,0,1,0,417,0,1,1,0,0,0,1
1-866-706-1991,0,43.5672387,-79.7692893,1,0,1,0,0,0,0,0,0,0,1,0,1,0,"3902 PERIWINKLE CRES, MISSISSAUGA, ON",0,0,0,1,0,421,0,1,1,0,0,0,1
1-866-706-1991,0,43.5347713,-79.7120542,1,0,1,0,0,0,0,0,0,0,1,0,1,0,"3254 WILMAR CRES, MISSISSAUGA, ON",0,0,0,1,0,424,0,1,1,0,0,0,1
1-866-706-1991,0,43.5820982,-79.7674646,1,0,1,0,0,0,0,0,0,0,1,0,1,0,"3081 OLYMPUS MEWS, MISSISSAUGA, ON",0,0,0,1,0,427,0,1,1,0,0,0,1
1-866-706-1991,0,43.5280214,-79.71097089999999,1,0,1,0,0,0,0,0,0,0,1,0,1,0,"3936 RUSHTON CRES, MISSISSAUGA, ON",0,0,0,1,0,425,0,1,1,0,0,0,1
1-866-706-1991,0,43.5700018,-79.7599175,1,0,1,0,0,0,0,0,0,0,1,0,1,0,"6374 SNOWFLAKE LANE, MISSISSAUGA, ON",0,0,0,1,0,432,0,1,1,0,0,0,1
1-866-706-1991,0,43.528575,-79.7012252,1,0,1,0,0,0,0,0,0,0,1,0,1,0,"3559 KELSO CRES, MISSISSAUGA, ON",0,0,0,1,0,438,0,1,1,0,0,0,1
1-866-706-1991,0,43.5617587,-79.7380554,1,0,1,0,0,0,0,0,0,0,1,0,1,0,"5747 LONG VALLEY RD, MISSISSAUGA, ON",0,0,0,1,0,442,0,1,1,0,0,0,1
1-866-706-1991,0,43.5493198,-79.7303259,1,0,1,0,0,0,0,0,0,0,1,0,1,0,"3228 ESCADA DR, MISSISSAUGA, ON",0,0,0,1,0,440,0,1,1,0,0,0,1
1-866-706-1991,0,43.5313612,-79.6174764,1,0,1,0,0,0,0,0,0,0,1,0,1,0,"1201 LORNE PARK RD, MISSISSAUGA, ON",0,0,0,1,0,439,0,1,1,0,0,0,1
1-866-706-1991,0,43.5547579,-79.755879,1,0,1,0,0,0,0,0,0,0,1,0,1,0,"3907 MANATEE WAY, MISSISSAUGA, ON",0,0,0,1,0,445,0,1,1,0,0,0,1
1-866-706-1991,0,43.5165515,-79.64898099999999,1,0,1,0,0,0,0,0,0,0,1,0,1,0,"1583 HOBBS CRES, MISSISSAUGA, ON",0,0,0,1,0,446,0,1,1,0,0,0,1
1-866-706-1991,0,43.5576041,-79.740939,1,0,1,0,0,0,0,0,0,0,1,0,1,0,"5590 WATERWIND CRES, MISSISSAUGA, ON",0,0,0,1,0,449,0,1,1,0,0,0,1
1-866-706-1991,0,43.5399965,-79.7258551,1,0,1,0,0,0,0,0,0,0,1,0,1,0,"3582 SOUTHWICK ST, MISSISSAUGA, ON",0,0,0,1,0,447,0,1,1,0,0,0,1
1-866-706-1991,0,43.5969328,-79.76391919999999,1,0,0,0,0,0,0,0,0,0,1,0,1,0,"7050 CADIZ CRES, MISSISSAUGA, ON",0,0,0,1,0,448,0,1,1,0,0,0,1
1-866-706-1991,0,43.5730844,-79.7263821,1,0,1,0,0,0,0,0,0,0,1,0,1,0,"5574 TURNEY DR, MISSISSAUGA, ON",0,0,0,1,0,450,0,1,1,0,0,0,1
1-866-706-1991,0,43.5650414,-79.74705,1,0,1,0,0,0,0,0,0,0,1,0,1,0,"5975 FOXBRIDGE PL, MISSISSAUGA, ON",0,0,0,1,0,451,0,1,1,0,0,0,1
1-866-706-1991,0,43.5151112,-79.64956819999999,1,0,1,0,0,0,0,0,0,0,1,0,1,0,"2355 PADSTOW CRES, MISSISSAUGA, ON",0,0,0,1,0,452,0,1,1,0,0,0,1
1-866-706-1991,0,43.5397621,-79.67714029999999,1,0,1,0,0,0,0,0,0,0,1,0,1,0,"2184 BLUE BEECH CRES, MISSISSAUGA, ON",0,0,0,1,0,453,0,1,1,0,0,0,1
1-866-706-1991,0,43.5116757,-79.65764039999999,1,0,0,0,0,0,0,0,0,0,1,0,1,0,"2551 BIRCH CRES, MISSISSAUGA, ON",0,0,0,1,0,454,0,1,1,0,0,0,1
1-866-706-1991,0,43.5675535,-79.7210611,1,0,1,0,0,0,0,0,0,0,1,0,1,0,"5508 HOLBROOK RD, MISSISSAUGA, ON",0,0,0,1,0,455,0,1,1,0,0,0,1
1-866-706-1991,0,43.5301475,-79.7010634,1,0,1,0,0,0,0,0,0,0,1,0,1,0,"3614 BAIRD CRT, MISSISSAUGA, ON",0,0,0,1,0,456,0,1,1,0,0,0,1
1-866-706-1991,0,43.5585569,-79.7522218,1,0,1,0,0,0,0,0,0,0,1,0,1,0,"5943 ALGARVE DR, MISSISSAUGA, ON",0,0,0,1,0,457,0,1,1,0,0,0,1
1-866-706-1991,0,43.5411609,-79.6830349,1,0,1,0,0,0,0,0,0,0,1,0,1,0,"2250 SOUTH MILLWAY , MISSISSAUGA, ON",0,0,0,1,0,458,0,1,1,0,0,0,1
1-866-706-1991,0,43.56177539999999,-79.7664044,1,0,1,0,0,0,0,0,0,0,1,0,1,0,"3932 FOXWOOD AVE, MISSISSAUGA, ON",0,0,0,1,0,459,0,1,1,0,0,0,1
1-866-706-1991,0,43.5872233,-79.76718989999999,1,0,0,0,0,0,0,0,0,0,1,0,1,0,"3002 SALERNO CRES, MISSISSAUGA, ON",0,0,0,1,0,460,0,1,1,0,0,0,1
1-866-706-1991,0,43.5686312,-79.77111479999999,1,0,1,0,0,0,0,0,0,0,1,0,1,0,"6541 CEDAR RAPIDS CRES, MISSISSAUGA, ON",0,0,0,1,0,461,0,1,1,0,0,0,1
1-866-706-1991,0,43.5822167,-79.7401286,0,1,0,0,0,0,0,0,0,0,1,0,1,0,"2475 COBBINSHAW CIR, MISSISSAUGA, ON",0,0,0,1,0,462,0,1,1,0,0,0,1
1-866-706-1991,0,43.577937,-79.7240157,1,0,1,0,0,0,0,0,0,0,1,0,1,0,"75 VISTA DR, MISSISSAUGA, ON",0,0,0,1,0,464,0,1,1,0,0,0,1
1-866-706-1991,0,43.5705572,-79.7337288,1,0,1,0,0,0,0,0,0,0,1,0,1,0,"5844 GLEN ERIN DR, MISSISSAUGA, ON",0,0,0,1,0,463,0,1,1,0,0,0,1
1-866-706-1991,0,43.5838985,-79.7675782,1,0,1,0,0,0,0,0,0,0,1,0,1,0,"3032 PLUM TREE CRES, MISSISSAUGA, ON",0,0,0,1,0,465,0,1,1,0,0,0,1
1-866-706-1991,0,43.57809410000001,-79.7578892,1,0,1,0,0,0,0,0,0,0,1,0,1,0,"6503 TISLER CRES, MISSISSAUGA, ON",0,0,0,1,0,466,0,1,1,0,0,0,1
1-866-706-1991,0,43.5746061,-79.77935699999999,1,0,1,0,0,0,0,0,0,0,1,0,1,0,"6878 BANSBRIDGE CRES, MISSISSAUGA, ON",0,0,0,1,0,467,0,1,1,0,0,0,1
1-866-706-1991,0,43.585185,-79.77082,1,0,1,0,0,0,0,0,0,0,1,0,1,0,"7102 HICKLING CRES, MISSISSAUGA, ON",0,0,0,1,0,468,0,1,1,0,0,0,1
1-866-706-1991,0,43.5793963,-79.7654511,1,0,1,0,0,0,0,0,0,0,1,0,1,0,"3119 STEVENAGE CRT, MISSISSAUGA, ON",0,0,0,1,0,469,0,1,1,0,0,0,1
1-866-706-1991,0,43.5750213,-79.7520395,1,0,1,0,0,0,0,0,0,0,1,0,1,0,"14 NEUCHATEL PL, MISSISSAUGA, ON",0,0,0,1,0,470,0,1,1,0,0,0,1
1-866-706-1991,0,43.5453737,-79.737895,1,0,1,0,0,0,0,0,0,0,1,0,1,0,"3830 ESCADA DR, MISSISSAUGA, ON",0,0,0,1,0,472,0,1,1,0,0,0,1
1-866-706-1991,0,43.5648904,-79.7187308,1,0,1,0,0,0,0,0,0,0,1,0,1,0,"5397 MIDDLEBURY DR, MISSISSAUGA, ON",0,0,0,1,0,471,0,1,1,0,0,0,1
1-866-706-1991,0,43.5406111,-79.67607389999999,1,0,1,0,0,0,0,0,0,0,1,0,1,0,"2133 MILLWAY GATE, MISSISSAUGA, ON",0,0,0,1,0,473,0,1,1,0,0,0,1
1-866-706-1991,0,43.5741492,-79.7278434,1,0,1,0,0,0,0,0,0,0,1,0,1,0,"5646 TURNEY DR, MISSISSAUGA, ON",0,0,0,1,0,474,0,1,1,0,0,0,1
1-866-706-1991,0,43.57930169999999,-79.7746599,1,0,1,0,0,0,0,0,0,0,1,0,1,0,"3368 FORRESTDALE CIR, MISSISSAUGA, ON",0,0,0,1,0,475,0,1,1,0,0,0,1
1-866-706-1991,0,43.5492441,-79.6974438,1,0,1,0,0,0,0,0,0,0,1,0,1,0,"4067 TREETOP CRES, MISSISSAUGA, ON",0,0,0,1,0,476,0,1,1,0,0,0,1
1-866-706-1991,0,43.5794836,-79.7891892,1,0,1,0,0,0,0,0,0,0,1,0,1,0,"7164 ROSEHURST DR, MISSISSAUGA, ON",0,0,0,1,0,477,0,1,1,0,0,0,1
1-866-706-1991,0,43.5339435,-79.6485388,1,0,1,0,0,0,0,0,0,0,1,0,1,0,"1794 SEVENOAKS DR, MISSISSAUGA, ON",0,0,0,1,0,478,0,1,1,0,0,0,1
1-866-706-1991,0,43.56825690000001,-79.7204854,1,0,1,0,0,0,0,0,0,0,1,0,1,0,"5627 HADDON HALL RD, MISSISSAUGA, ON",0,0,0,1,0,479,0,1,1,0,0,0,1
1-866-706-1991,0,43.5459413,-79.67330989999999,0,1,0,0,0,0,0,0,0,0,1,0,1,0,"1951 ROY IVOR CRES, MISSISSAUGA, ON",0,0,0,1,0,481,0,1,1,0,0,0,1
1-866-706-1991,0,43.53230010000001,-79.7144181,1,0,1,0,0,0,0,0,0,0,1,0,1,0,"3365 HARGROVE RD, MISSISSAUGA, ON",0,0,0,1,0,482,0,1,1,0,0,0,1
1-866-706-1991,0,43.5226996,-79.6670137,1,0,1,0,0,0,0,0,0,0,1,0,1,0,"2424 BARCELLA CRES, MISSISSAUGA, ON",0,0,0,1,0,480,0,1,1,0,0,0,1
1-866-706-1991,0,43.55244690000001,-79.7442026,1,0,1,0,0,0,0,0,0,0,1,0,1,0,"5670 FRESHWATER DR, MISSISSAUGA, ON",0,0,0,1,0,483,0,1,1,0,0,0,1
1-866-706-1991,0,43.518458,-79.6870878,1,0,1,0,0,0,0,0,0,0,0,0,1,0,"3235 DUNDAS ST, MISSISSAUGA, ON",0,0,0,1,0,484,0,1,1,0,0,0,1
1-866-706-1991,0,43.580671,-79.7681308,1,0,1,0,0,0,0,0,0,0,1,0,1,0,"3148 OLYMPUS MEWS, MISSISSAUGA, ON",0,0,0,1,0,485,0,1,1,0,0,0,1
1-866-706-1991,0,43.5559952,-79.7508129,1,0,1,0,0,0,0,0,0,0,1,0,1,0,"5831 RAINSPRING DR, MISSISSAUGA, ON",0,0,0,1,0,486,0,1,1,0,0,0,1
1-866-706-1991,0,43.541929,-79.7149112,1,0,1,0,0,0,0,0,0,0,1,0,1,0,"3164 ANGEL PASS DR, MISSISSAUGA, ON",0,0,0,1,0,487,0,1,1,0,0,0,1
1-866-706-1991,0,43.5423296,-79.7380091,1,0,1,0,0,0,0,0,0,0,1,0,1,0,"5363 MALLORY RD, MISSISSAUGA, ON",0,0,0,1,0,490,0,1,1,0,0,0,1
1-866-706-1991,0,43.577677,-79.7455299,1,0,1,0,0,0,0,0,0,0,1,0,1,0,"2717 ANDORRA CIR, MISSISSAUGA, ON",0,0,0,1,0,489,0,1,1,0,0,0,1
1-866-706-1991,0,43.5466416,-79.71711680000001,1,0,1,0,0,0,0,0,0,0,1,0,1,0,"4837 HALF MOON GROV, MISSISSAUGA, ON",0,0,0,1,0,491,0,1,1,0,0,0,1
1-866-706-1991,0,43.5362643,-79.6730418,1,0,1,0,0,0,0,0,0,0,0,0,1,0,"2211 DUNWIN DR, MISSISSAUGA, ON",0,0,0,1,0,488,0,1,1,0,0,0,1
1-866-706-1991,0,43.5624544,-79.76679399999999,1,0,1,0,0,0,0,0,0,0,1,0,1,0,"6414 HAMPDEN WOODS RD, MISSISSAUGA, ON",0,0,0,1,0,492,0,1,1,0,0,0,1
1-866-706-1991,0,43.5717902,-79.7661878,1,0,1,0,0,0,0,0,0,0,1,0,1,0,"3351 TRELAWNY CIR, MISSISSAUGA, ON",0,0,0,1,0,493,0,1,1,0,0,0,1
1-866-706-1991,0,43.5616645,-79.7510424,1,0,1,0,0,0,0,0,0,0,1,0,1,0,"3303 SPRINGRUN WAY, MISSISSAUGA, ON",0,0,0,1,0,494,0,1,1,0,0,0,1
1-866-706-1991,0,43.5741,-79.71659,1,0,1,0,0,0,0,0,0,0,1,0,1,0,"2416 YORKTOWN CIR, MISSISSAUGA, ON",0,0,0,1,0,495,0,1,1,0,0,0,1
1-866-706-1991,0,43.5394484,-79.7258038,1,0,1,0,0,0,0,0,0,0,1,0,1,0,"3545 AQUINAS AVE, MISSISSAUGA, ON",0,0,0,1,0,497,0,1,1,0,0,0,1
1-866-706-1991,0,43.5648768,-79.7518257,1,0,1,0,0,0,0,0,0,0,1,0,1,0,"6063 PRAIRIE CIR, MISSISSAUGA, ON",0,0,0,1,0,496,0,1,1,0,0,0,1
1-866-706-1991,0,43.59528479999999,-79.7800816,0,1,0,0,0,0,0,0,0,0,1,0,1,0,"3005 GULFSTREAM WAY, MISSISSAUGA, ON",0,0,0,1,0,499,0,1,1,0,0,0,1
1-866-706-1991,0,43.5536989,-79.7533742,1,0,1,0,0,0,0,0,0,0,1,0,1,0,"5843 RAFTSMAN COVE , MISSISSAUGA, ON",0,0,0,1,0,498,0,1,1,0,0,0,1
1-866-706-1991,0,43.5504393,-79.7138487,1,0,1,0,0,0,0,0,0,0,1,0,1,0,"4660 KIMBERMOUNT AVE, MISSISSAUGA, ON",0,0,0,1,0,500,0,1,1,0,0,0,1
1-866-706-1991,0,43.5622014,-79.7468435,1,0,1,0,0,0,0,0,0,0,1,0,1,0,"3209 RIDGELEIGH HTS, MISSISSAUGA, ON",0,0,0,1,0,501,0,1,1,0,0,0,1
1-866-706-1991,0,43.5741138,-79.71605129999999,1,0,1,0,0,0,0,0,0,0,1,0,1,0,"5538 MCFARREN BLVD, MISSISSAUGA, ON",0,0,0,1,0,502,0,1,1,0,0,0,1
1-866-706-1991,0,43.5858071,-79.7686313,1,0,1,0,0,0,0,0,0,0,1,0,1,0,"6911-B HICKLING CRES, MISSISSAUGA, ON",0,0,0,1,0,503,0,1,1,0,0,0,1
1-866-706-1991,0,43.5708145,-79.77179269999999,1,0,1,0,0,0,0,0,0,0,1,0,1,0,"3508 TRELAWNY CIR, MISSISSAUGA, ON",0,0,0,1,0,506,0,1,1,0,0,0,1
1-866-706-1991,0,43.5497007,-79.74514119999999,1,0,1,0,0,0,0,0,0,0,1,0,1,0,"3851 SWIFTDALE DR, MISSISSAUGA, ON",0,0,0,1,0,504,0,1,1,0,0,0,1
1-866-706-1991,0,43.5536473,-79.7558304,1,0,1,0,0,0,0,0,0,0,1,0,1,0,"5900 QUESTMAN HOLLOW , MISSISSAUGA, ON",0,0,0,1,0,505,0,1,1,0,0,0,1
1-866-706-1991,0,43.5904829,-79.7701048,1,0,0,0,0,0,0,0,0,0,1,0,1,0,"2879 OSLO CRES, MISSISSAUGA, ON",0,0,0,1,0,507,0,1,1,0,0,0,1
1-866-706-1991,0,43.5808046,-79.792164,1,0,1,0,0,0,0,0,0,0,1,0,1,0,"3940 MILKWOOD CRES, MISSISSAUGA, ON",0,0,0,1,0,508,0,1,1,0,0,0,1
1-866-706-1991,0,43.510708,-79.6417882,1,0,1,0,0,0,0,0,0,0,1,0,1,0,"2338 BROOKHURST RD, MISSISSAUGA, ON",0,0,0,1,0,509,0,1,1,0,0,0,1
1-866-706-1991,0,43.5495801,-79.69697239999999,1,0,1,0,0,0,0,0,0,0,1,0,1,0,"4238 TREETOP CRES, MISSISSAUGA, ON",0,0,0,1,0,510,0,1,1,0,0,0,1
1-866-706-1991,0,43.5529401,-79.75302479999999,1,0,1,0,0,0,0,0,0,0,1,0,1,0,"5814 RAFTSMAN COVE , MISSISSAUGA, ON",0,0,0,1,0,511,0,1,1,0,0,0,1
1-866-706-1991,0,43.5386274,-79.6929589,1,0,1,0,0,0,0,0,0,0,1,0,1,0,"3406 ASH ROW CRES, MISSISSAUGA, ON",0,0,0,1,0,513,0,1,1,0,0,0,1
1-866-706-1991,0,43.53444560000001,-79.6312671,1,0,1,0,0,0,0,0,0,0,1,0,1,0,"1593 CALUMET PL, MISSISSAUGA, ON",0,0,0,1,0,512,0,1,1,0,0,0,1
1-866-706-1991,0,43.5481041,-79.739104,1,0,1,0,0,0,0,0,0,0,1,0,1,0,"3782 EDGECLIFFE RUN , MISSISSAUGA, ON",0,0,0,1,0,515,0,1,1,0,0,0,1
1-866-706-1991,0,43.5479944,-79.74419569999999,1,0,1,0,0,0,0,0,0,0,1,0,1,0,"5550 BROADPATH GATE, MISSISSAUGA, ON",0,0,0,1,0,514,0,1,1,0,0,0,1
1-866-706-1991,0,43.55751650000001,-79.6994042,1,0,1,0,0,0,0,0,0,0,1,0,1,0,"2130 THE CHASE , MISSISSAUGA, ON",0,0,0,1,0,516,0,1,1,0,0,0,1
1-866-706-1991,0,43.5541225,-79.7267122,1,0,1,0,0,0,0,0,0,0,1,0,1,0,"3048 MISSION HILL DR, MISSISSAUGA, ON",0,0,0,1,0,517,0,1,1,0,0,0,1
1-866-706-1991,0,43.5422694,-79.7268024,1,0,1,0,0,0,0,0,0,0,1,0,1,0,"5039 PERENNIAL DR, MISSISSAUGA, ON",0,0,0,1,0,519,0,1,1,0,0,0,1
1-866-706-1991,0,43.5447853,-79.70185959999999,1,0,1,0,0,0,0,0,0,0,1,0,1,0,"4084 MARTLEN CRES, MISSISSAUGA, ON",0,0,0,1,0,518,0,1,1,0,0,0,1
1-866-706-1991,0,43.5534033,-79.69348839999999,1,0,1,0,0,0,0,0,0,0,1,0,1,0,"4411 SAWMILL VALLEY DR, MISSISSAUGA, ON",0,0,0,1,0,520,0,1,1,0,0,0,1
1-866-706-1991,0,43.5350425,-79.6966466,1,0,1,0,0,0,0,0,0,0,1,0,1,0,"3045 COUNCIL RING RD, MISSISSAUGA, ON",0,0,0,1,0,523,0,1,1,0,0,0,1
1-866-706-1991,0,43.5447056,-79.7394094,1,0,1,0,0,0,0,0,0,0,1,0,1,0,"3878 ROSANNA DR, MISSISSAUGA, ON",0,0,0,1,0,522,0,1,1,0,0,0,1
1-866-706-1991,0,43.5697713,-79.73781869999999,1,0,1,0,0,0,0,0,0,0,1,0,1,0,"2854 PEACOCK DR, MISSISSAUGA, ON",0,0,0,1,0,521,0,1,1,0,0,0,1
1-866-706-1991,0,43.5205503,-79.6394279,1,0,1,0,0,0,0,0,0,0,1,0,1,0,"1986 TRUSCOTT DR, MISSISSAUGA, ON",0,0,0,1,0,524,0,1,1,0,0,0,1
1-866-706-1991,0,43.5344802,-79.7028709,1,0,1,0,0,0,0,0,0,0,1,0,1,0,"4004 SEEBRING CRES, MISSISSAUGA, ON",0,0,0,1,0,525,0,1,1,0,0,0,1
1-866-706-1991,0,43.5426744,-79.7281718,1,0,1,0,0,0,0,0,0,0,1,0,1,0,"5088 PERENNIAL DR, MISSISSAUGA, ON",0,0,0,1,0,527,0,1,1,0,0,0,1
1-866-706-1991,0,43.5376194,-79.6309698,1,0,1,0,0,0,0,0,0,0,1,0,1,0,"1380 SAGINAW CRES, MISSISSAUGA, ON",0,0,0,1,0,526,0,1,1,0,0,0,1
1-866-706-1991,0,43.5361047,-79.6904419,1,0,1,0,0,0,0,0,0,0,1,0,1,0,"3551 WOODHURST CRES, MISSISSAUGA, ON",0,0,0,1,0,528,0,1,1,0,0,0,1
1-866-706-1991,0,43.55367469999999,-79.6925567,1,0,1,0,0,0,0,0,0,0,1,0,1,0,"2457 PLOUGHSHARE CRT, MISSISSAUGA, ON",0,0,0,1,0,529,0,1,1,0,0,0,1
1-866-706-1991,0,43.5809626,-79.7798943,1,0,1,0,0,0,0,0,0,0,1,0,1,0,"7190 TRIUMPH LANE, MISSISSAUGA, ON",0,0,0,1,0,530,0,1,1,0,0,0,1
1-866-706-1991,0,43.5041841,-79.65008999999999,1,0,0,0,0,0,0,0,0,0,1,0,1,0,"2598 SHERHILL DR, MISSISSAUGA, ON",0,0,0,1,0,531,0,1,1,0,0,0,1
1-866-706-1991,0,43.5501344,-79.72355929999999,1,0,1,0,0,0,0,0,0,0,1,0,1,0,"5159 NESTLING GROV, MISSISSAUGA, ON",0,0,0,1,0,532,0,1,1,0,0,0,1
1-866-706-1991,0,43.566903,-79.767546,1,0,1,0,0,0,0,0,0,0,1,0,1,0,"3824 PERIWINKLE CRES, MISSISSAUGA, ON",0,0,0,1,0,533,0,1,1,0,0,0,1
1-866-706-1991,0,43.5460948,-79.67719799999999,1,0,1,0,0,0,0,0,0,0,1,0,1,0,"3362 SANDERLING CRES, MISSISSAUGA, ON",0,0,0,1,0,534,0,1,1,0,0,0,1
1-866-706-1991,0,43.5543095,-79.75423599999999,1,0,1,0,0,0,0,0,0,0,1,0,1,0,"3896 MCDOWELL DR, MISSISSAUGA, ON",0,0,0,1,0,535,0,1,1,0,0,0,1
1-866-706-1991,0,43.5656809,-79.71972099999999,1,0,1,0,0,0,0,0,0,0,1,0,1,0,"2431 WILLOWBURNE DR, MISSISSAUGA, ON",0,0,0,1,0,536,0,1,1,0,0,0,1
1-866-706-1991,0,43.5083501,-79.6492338,1,0,0,0,0,0,0,0,0,0,1,0,1,0,"2538 CONSTABLE RD, MISSISSAUGA, ON",0,0,0,1,0,538,0,1,1,0,0,0,1
1-866-706-1991,0,43.5381211,-79.7036889,1,0,1,0,0,0,0,0,0,0,1,0,1,0,"4116 CHADBURN CRES, MISSISSAUGA, ON",0,0,0,1,0,537,0,1,1,0,0,0,1
1-866-706-1991,0,43.5238064,-79.69905039999999,1,0,1,0,0,0,0,0,0,0,1,0,1,0,"3413 COLONIAL DR, MISSISSAUGA, ON",0,0,0,1,0,539,0,1,1,0,0,0,1
1-866-706-1991,0,43.5847803,-79.7652159,1,0,0,0,0,0,0,0,0,0,1,0,1,0,"2991 SAINT MALO CIR, MISSISSAUGA, ON",0,0,0,1,0,540,0,1,1,0,0,0,1
1-866-706-1991,0,43.5648854,-79.7527025,1,0,1,0,0,0,0,0,0,0,1,0,1,0,"6082 PRAIRIE CIR, MISSISSAUGA, ON",0,0,0,1,0,541,0,1,1,0,0,0,1
1-866-706-1991,0,43.5551129,-79.688895,1,0,0,0,0,0,0,0,0,0,1,0,1,0,"4077 TRAPPER CRES, MISSISSAUGA, ON",0,0,0,1,0,543,0,1,1,0,0,0,1
1-866-706-1991,0,43.58692749999999,-79.76391389999999,1,0,0,0,0,0,0,0,0,0,1,0,1,0,"6827 AVILA RD, MISSISSAUGA, ON",0,0,0,1,0,542,0,1,1,0,0,0,1
1-866-706-1991,0,43.5499411,-79.6875285,0,1,0,0,0,0,0,0,0,0,1,0,1,0,"4060 FARRIER CRT, MISSISSAUGA, ON",0,0,0,1,0,544,0,1,1,0,0,0,1
1-866-706-1991,0,43.56732119999999,-79.7466177,1,0,1,0,0,0,0,0,0,0,1,0,1,0,"6051 EDENWOOD DR, MISSISSAUGA, ON",0,0,0,1,0,545,0,1,1,0,0,0,1
1-866-706-1991,0,43.53828110000001,-79.71910760000002,1,0,1,0,0,0,0,0,0,0,1,0,1,0,"3370 ANGEL PASS DR, MISSISSAUGA, ON",0,0,0,1,0,547,0,1,1,0,0,0,1
1-866-706-1991,0,43.5746246,-79.75009709999999,1,0,1,0,0,0,0,0,0,0,1,0,1,0,"2998 GLACE BAY RD, MISSISSAUGA, ON",0,0,0,1,0,546,0,1,1,0,0,0,1
1-866-706-1991,0,43.5390976,-79.63547969999999,1,0,1,0,0,0,0,0,0,0,1,0,1,0,"2180 OBECK CRES, MISSISSAUGA, ON",0,0,0,1,0,548,0,1,1,0,0,0,1
1-866-706-1991,0,43.5723818,-79.7407981,1,0,1,0,0,0,0,0,0,0,1,0,1,0,"2798 BUCKLEPOST CRES, MISSISSAUGA, ON",0,0,0,1,0,549,0,1,1,0,0,0,1
1-866-706-1991,0,43.5583701,-79.73147689999999,1,0,1,0,0,0,0,0,0,0,1,0,1,0,"3031 OZZIE DR, MISSISSAUGA, ON",0,0,0,1,0,550,0,1,1,0,0,0,1
1-866-706-1991,0,43.5425146,-79.6955548,1,0,1,0,0,0,0,0,0,0,1,0,1,0,"3335 FOLKWAY DR, MISSISSAUGA, ON",0,0,0,1,0,551,0,1,1,0,0,0,1
1-866-706-1991,0,43.5782411,-79.7769975,1,0,1,0,0,0,0,0,0,0,1,0,1,0,"3358 AZELIA CRT, MISSISSAUGA, ON",0,0,0,1,0,552,0,1,1,0,0,0,1
1-866-706-1991,0,43.548159,-79.71092949999999,1,0,1,0,0,0,0,0,0,0,1,0,1,0,"2602 INNISFIL RD, MISSISSAUGA, ON",0,0,0,1,0,553,0,1,1,0,0,0,1
1-866-706-1991,0,43.5259714,-79.6238688,1,0,1,0,0,0,0,0,0,0,1,0,1,0,"1216 WHITEOAKS AVE, MISSISSAUGA, ON",0,0,0,1,0,556,0,1,1,0,0,0,1
1-866-706-1991,0,43.55826709999999,-79.6955596,1,0,1,0,0,0,0,0,0,0,1,0,1,0,"4420 SEDGEFIELD RD, MISSISSAUGA, ON",0,0,0,1,0,555,0,1,1,0,0,0,1
1-866-706-1991,0,43.5262989,-79.63101999999999,1,0,1,0,0,0,0,0,0,0,1,0,1,0,"1667 RUSCOMBE CLOSE , MISSISSAUGA, ON",0,0,0,1,0,554,0,1,1,0,0,0,1
1-866-706-1991,0,43.5454829,-79.730633,1,0,1,0,0,0,0,0,0,0,1,0,1,0,"5272 ADOBE CRT, MISSISSAUGA, ON",0,0,0,1,0,557,0,1,1,0,0,0,1
1-866-706-1991,0,43.5849738,-79.7714438,1,0,1,0,0,0,0,0,0,0,1,0,1,0,"7113 HICKLING CRES, MISSISSAUGA, ON",0,0,0,1,0,558,0,1,1,0,0,0,1
1-866-706-1991,0,43.58441699999999,-79.7740309,1,0,1,0,0,0,0,0,0,0,1,0,1,0,"6979 HARRIS RD, MISSISSAUGA, ON",0,0,0,1,0,559,0,1,1,0,0,0,1
1-866-706-1991,0,43.5658094,-79.7202124,1,0,1,0,0,0,0,0,0,0,1,0,1,0,"2419 WILLOWBURNE DR, MISSISSAUGA, ON",0,0,0,1,0,560,0,1,1,0,0,0,1
1-866-706-1991,0,43.5421655,-79.67503090000001,1,0,1,0,0,0,0,0,0,0,1,0,1,0,"3330 SOUTH MILLWAY , MISSISSAUGA, ON",0,0,0,1,0,561,0,1,1,0,0,0,1
1-866-706-1991,0,43.5404438,-79.7345563,1,0,1,0,0,0,0,0,0,0,1,0,1,0,"5130 ANCIENT STONE AVE, MISSISSAUGA, ON",0,0,0,1,0,564,0,1,1,0,0,0,1
1-866-706-1991,0,43.5821027,-79.7844506,1,0,1,0,0,0,0,0,0,0,1,0,1,0,"3415 SCOTCH PINE GATE, MISSISSAUGA, ON",0,0,0,1,0,563,0,1,1,0,0,0,1
1-866-706-1991,0,43.5743813,-79.78325199999999,1,0,1,0,0,0,0,0,0,0,1,0,1,0,"3932 RIPPLETON LANE, MISSISSAUGA, ON",0,0,0,1,0,562,0,1,1,0,0,0,1
1-866-706-1991,0,43.5590009,-79.7530278,1,0,1,0,0,0,0,0,0,0,1,0,1,0,"5712 MARGARITA CRES, MISSISSAUGA, ON",0,0,0,1,0,565,0,1,1,0,0,0,1
1-866-706-1991,0,43.5630361,-79.7338252,1,0,1,0,0,0,0,0,0,0,1,0,1,0,"2752 GALLEON CRES, MISSISSAUGA, ON",0,0,0,1,0,566,0,1,1,0,0,0,1
1-866-706-1991,0,43.5465049,-79.6942392,1,0,1,0,0,0,0,0,0,0,1,0,1,0,"4111 ROLLING VALLEY DR, MISSISSAUGA, ON",0,0,0,1,0,567,0,1,1,0,0,0,1
1-866-706-1991,0,43.5688412,-79.74767659999999,1,0,1,0,0,0,0,0,0,0,1,0,1,0,"6072 FULLERTON CRES, MISSISSAUGA, ON",0,0,0,1,0,568,0,1,1,0,0,0,1
1-866-706-1991,0,43.5455607,-79.7039463,1,0,1,0,0,0,0,0,0,0,1,0,1,0,"2840 REMEA CRT, MISSISSAUGA, ON",0,0,0,1,0,569,0,1,1,0,0,0,1
1-866-706-1991,0,43.575979,-79.7405133,1,0,1,0,0,0,0,0,0,0,1,0,1,0,"2755 WINDWOOD DR, MISSISSAUGA, ON",0,0,0,1,0,570,0,1,1,0,0,0,1
1-866-706-1991,0,43.5646018,-79.7470475,1,0,1,0,0,0,0,0,0,0,1,0,1,0,"5962 FOXBRIDGE PL, MISSISSAUGA, ON",0,0,0,1,0,571,0,1,1,0,0,0,1
1-866-706-1991,0,43.5810611,-79.7461682,1,0,1,0,0,0,0,0,0,0,1,0,1,0,"1 BENT OAK CIR, MISSISSAUGA, ON",0,0,0,1,0,572,0,1,1,0,0,0,1
1-866-706-1991,0,43.5436626,-79.70425139999999,1,0,1,0,0,0,0,0,0,0,1,0,1,0,"2893 FOLKWAY DR, MISSISSAUGA, ON",0,0,0,1,0,573,0,1,1,0,0,0,1
1-866-706-1991,0,43.5383341,-79.69075149999999,1,0,1,0,0,0,0,0,0,0,1,0,1,0,"3466 ASH ROW CRES, MISSISSAUGA, ON",0,0,0,1,0,574,0,1,1,0,0,0,1
1-866-706-1991,0,43.538745,-79.72225449999999,1,0,1,0,0,0,0,0,0,0,1,0,1,0,"3496 STONECUTTER CRES, MISSISSAUGA, ON",0,0,0,1,0,575,0,1,1,0,0,0,1
1-866-706-1991,0,43.5732097,-79.7651992,1,0,1,0,0,0,0,0,0,0,1,0,1,0,"3295 TRELAWNY CIR, MISSISSAUGA, ON",0,0,0,1,0,576,0,1,1,0,0,0,1
1-866-706-1991,0,43.57963220000001,-79.7746161,1,0,1,0,0,0,0,0,0,0,1,0,1,0,"3409 FORRESTDALE CIR, MISSISSAUGA, ON",0,0,0,1,0,577,0,1,1,0,0,0,1
1-866-706-1991,0,43.53318549999999,-79.6894511,1,0,1,0,0,0,0,0,0,0,1,0,1,0,"2575 WINDJAMMER RD, MISSISSAUGA, ON",0,0,0,1,0,578,0,1,1,0,0,0,1
1-866-706-1991,0,43.5791911,-79.72640179999999,1,0,1,0,0,0,0,0,0,0,1,0,1,0,"2351 HARGOOD PL, MISSISSAUGA, ON",0,0,0,1,0,579,0,1,1,0,0,0,1
1-866-706-1991,0,43.5651923,-79.7646759,1,0,1,0,0,0,0,0,0,0,1,0,1,0,"3815 FOXBOROUGH TR, MISSISSAUGA, ON",0,0,0,1,0,580,0,1,1,0,0,0,1
1-866-706-1991,0,43.57287340000001,-79.7467377,1,0,1,0,0,0,0,0,0,0,1,0,1,0,"2900 OKA RD, MISSISSAUGA, ON",0,0,0,1,0,581,0,1,1,0,0,0,1
1-866-706-1991,0,43.5331481,-79.6888565,1,0,1,0,0,0,0,0,0,0,1,0,1,0,"3383 TALLMAST CRES, MISSISSAUGA, ON",0,0,0,1,0,582,0,1,1,0,0,0,1
1-866-706-1991,0,43.5484489,-79.6965586,1,0,1,0,0,0,0,0,0,0,1,0,1,0,"4098 TREETOP CRES, MISSISSAUGA, ON",0,0,0,1,0,583,0,1,1,0,0,0,1
1-866-706-1991,0,43.5678508,-79.7592356,1,0,1,0,0,0,0,0,0,0,1,0,1,0,"6235 SNOWFLAKE LANE, MISSISSAUGA, ON",0,0,0,1,0,584,0,1,1,0,0,0,1
1-866-706-1991,0,43.5791462,-79.7877022,1,0,1,0,0,0,0,0,0,0,1,0,1,0,"7121 ROSEHURST DR, MISSISSAUGA, ON",0,0,0,1,0,585,0,1,1,0,0,0,1
1-866-706-1991,0,43.5557892,-79.7553565,1,0,1,0,0,0,0,0,0,0,1,0,1,0,"3844 FREEMAN TERR, MISSISSAUGA, ON",0,0,0,1,0,588,0,1,1,0,0,0,1
1-866-706-1991,0,43.5488383,-79.7221313,1,0,1,0,0,0,0,0,0,0,1,0,1,0,"3215 DESTINATION DR, MISSISSAUGA, ON",0,0,0,1,0,586,0,1,1,0,0,0,1
1-866-706-1991,0,43.5342785,-79.694186,1,0,1,0,0,0,0,0,0,0,1,0,1,0,"2638 OAK ROW CRES, MISSISSAUGA, ON",0,0,0,1,0,587,0,1,1,0,0,0,1
1-866-706-1991,0,43.5118099,-79.63993599999999,1,0,1,0,0,0,0,0,0,0,1,0,1,0,"1225 NIGEL RD, MISSISSAUGA, ON",0,0,0,1,0,589,0,1,1,0,0,0,1
1-866-706-1991,0,43.5637789,-79.76900979999999,1,0,1,0,0,0,0,0,0,0,1,0,1,0,"6556 SARATOGA WAY, MISSISSAUGA, ON",0,0,0,1,0,590,0,1,1,0,0,0,1
1-866-706-1991,0,43.5810749,-79.7262063,1,0,1,0,0,0,0,0,0,0,1,0,1,0,"5914 RAYSHAW CRES, MISSISSAUGA, ON",0,0,0,1,0,591,0,1,1,0,0,0,1
1-866-706-1991,0,43.5273292,-79.7030686,1,0,1,0,0,0,0,0,0,0,1,0,1,0,"3485 KELSO CRES, MISSISSAUGA, ON",0,0,0,1,0,592,0,1,1,0,0,0,1
1-866-706-1991,0,43.57689999999999,-79.7882006,1,0,1,0,0,0,0,0,0,0,1,0,1,0,"3742 DENSBURY DR, MISSISSAUGA, ON",0,0,0,1,0,593,0,1,1,0,0,0,1
1-866-706-1991,0,43.5355287,-79.6627751,1,0,1,0,0,0,0,0,0,0,1,0,1,0,"2018 LADY DI CRT, MISSISSAUGA, ON",0,0,0,1,0,594,0,1,1,0,0,0,1
1-866-706-1991,0,43.55293959999999,-79.69070459999999,1,0,1,0,0,0,0,0,0,0,1,0,1,0,"2455 GRINDSTONE CRT, MISSISSAUGA, ON",0,0,0,1,0,595,0,1,1,0,0,0,1
1-866-706-1991,0,43.5602169,-79.76394839999999,1,0,1,0,0,0,0,0,0,0,1,0,1,0,"5922 OSPREY BLVD, MISSISSAUGA, ON",0,0,0,1,0,596,0,1,1,0,0,0,1
1-866-706-1991,0,43.5240235,-79.638261,1,0,1,0,0,0,0,0,0,0,1,0,1,0,"1863 TRUSCOTT DR, MISSISSAUGA, ON",0,0,0,1,0,597,0,1,1,0,0,0,1
1-866-706-1991,0,43.575365,-79.76082319999999,1,0,1,0,0,0,0,0,0,0,1,0,1,0,"3139 ARNETT CRT, MISSISSAUGA, ON",0,0,0,1,0,598,0,1,1,0,0,0,1
1-866-706-1991,0,43.5612925,-79.76193549999999,1,0,1,0,0,0,0,0,0,0,1,0,1,0,"6005 OSPREY BLVD, MISSISSAUGA, ON",0,0,0,1,0,599,0,1,1,0,0,0,1
1-866-706-1991,0,43.5285964,-79.642206,1,0,1,0,0,0,0,0,0,0,1,0,1,0,"1810 SOUTH SHERIDAN WAY, MISSISSAUGA, ON",0,0,0,1,0,600,0,1,1,0,0,0,1
1-866-706-1991,0,43.5599091,-79.7642963,1,0,1,0,0,0,0,0,0,0,1,0,1,0,"5906 OSPREY BLVD, MISSISSAUGA, ON",0,0,0,1,0,601,0,1,1,0,0,0,1
1-866-706-1991,0,43.520853,-79.69582330000001,1,0,1,0,0,0,0,0,0,0,1,0,1,0,"3325 BEAU RIVAGE CRES, MISSISSAUGA, ON",0,0,0,1,0,602,0,1,1,0,0,0,1
1-866-706-1991,0,43.5237175,-79.6751515,1,0,1,0,0,0,0,0,0,0,1,0,1,0,"2623 THORN LODGE DR, MISSISSAUGA, ON",0,0,0,1,0,603,0,1,1,0,0,0,1
1-866-706-1991,0,43.5716331,-79.7267622,1,0,1,0,0,0,0,0,0,0,1,0,1,0,"2552 STRATHMORE CRES, MISSISSAUGA, ON",0,0,0,1,0,604,0,1,1,0,0,0,1
1-866-706-1991,0,43.532214,-79.68053030000002,1,0,1,0,0,0,0,0,0,0,1,0,1,0,"2440 MAINROYAL ST, MISSISSAUGA, ON",0,0,0,1,0,605,0,1,1,0,0,0,1
1-866-706-1991,0,43.5418961,-79.6992497,1,0,1,0,0,0,0,0,0,0,1,0,1,0,"4110 JEFTON CRES, MISSISSAUGA, ON",0,0,0,1,0,606,0,1,1,0,0,0,1
1-866-706-1991,0,43.5497451,-79.7082492,1,0,1,0,0,0,0,0,0,0,1,0,1,0,"4285 ROMFIELD CRES, MISSISSAUGA, ON",0,0,0,1,0,607,0,1,1,0,0,0,1
1-866-706-1991,0,43.5632728,-79.72103570000002,1,0,1,0,0,0,0,0,0,0,1,0,1,0,"5393 WESTHAMPTON RD, MISSISSAUGA, ON",0,0,0,1,0,608,0,1,1,0,0,0,1
1-866-706-1991,0,43.5295161,-79.6868843,1,0,1,0,0,0,0,0,0,0,1,0,1,0,"2790 WINDJAMMER RD, MISSISSAUGA, ON",0,0,0,1,0,609,0,1,1,0,0,0,1
1-866-706-1991,0,43.5041082,-79.64859059999999,1,0,0,0,0,0,0,0,0,0,1,0,1,0,"2572 LUNDENE RD, MISSISSAUGA, ON",0,0,0,1,0,610,0,1,1,0,0,0,1
1-866-706-1991,0,43.5575638,-79.75487009999999,1,0,1,0,0,0,0,0,0,0,1,0,1,0,"5953 CHURCHILL MEADOWS BLVD, MISSISSAUGA, ON",0,0,0,1,0,612,0,1,1,0,0,0,1
1-866-706-1991,0,43.5714518,-79.7563393,1,0,1,0,0,0,0,0,0,0,1,0,1,0,"3242 MCCARRON CRES, MISSISSAUGA, ON",0,0,0,1,0,611,0,1,1,0,0,0,1
1-866-706-1991,0,43.5681596,-79.7210987,1,0,1,0,0,0,0,0,0,0,1,0,1,0,"5521 HOLBROOK RD, MISSISSAUGA, ON",0,0,0,1,0,613,0,1,1,0,0,0,1
1-866-706-1991,0,43.5461888,-79.7338039,1,0,1,0,0,0,0,0,0,0,1,0,1,0,"3391 TRILOGY TR, MISSISSAUGA, ON",0,0,0,1,0,614,0,1,1,0,0,0,1
1-866-706-1991,0,43.5046756,-79.6478151,1,0,0,0,0,0,0,0,0,0,1,0,1,0,"2930 CONSTABLE RD, MISSISSAUGA, ON",0,0,0,1,0,615,0,1,1,0,0,0,1
1-866-706-1991,0,43.5542129,-79.7299704,1,0,1,0,0,0,0,0,0,0,1,0,1,0,"5430 OSCAR PETERSON BLVD, MISSISSAUGA, ON",0,0,0,1,0,616,0,1,1,0,0,0,1
1-866-706-1991,0,43.53797369999999,-79.6998278,1,0,1,0,0,0,0,0,0,0,1,0,1,0,"2957 DANCER CRT, MISSISSAUGA, ON",0,0,0,1,0,617,0,1,1,0,0,0,1
1-866-706-1991,0,43.53461009999999,-79.6603013,1,0,1,0,0,0,0,0,0,0,1,0,1,0,"2938 HAMMOND RD, MISSISSAUGA, ON",0,0,0,1,0,618,0,1,1,0,0,0,1
1-866-706-1991,0,43.5323776,-79.6337923,1,0,1,0,0,0,0,0,0,0,1,0,1,0,"1564 MERROW RD, MISSISSAUGA, ON",0,0,0,1,0,619,0,1,1,0,0,0,1
1-866-706-1991,0,43.544179,-79.7204617,1,0,1,0,0,0,0,0,0,0,1,0,1,0,"3327 AQUINAS AVE, MISSISSAUGA, ON",0,0,0,1,0,620,0,1,1,0,0,0,1
1-866-706-1991,0,43.5018617,-79.652231,1,0,0,0,0,0,0,0,0,0,1,0,1,0,"2722 LUNDENE RD, MISSISSAUGA, ON",0,0,0,1,0,621,0,1,1,0,0,0,1
1-866-706-1991,0,43.565039,-79.7368276,1,0,1,0,0,0,0,0,0,0,1,0,1,0,"2972 GARDENVIEW CRES, MISSISSAUGA, ON",0,0,0,1,0,622,0,1,1,0,0,0,1
1-866-706-1991,0,43.5218429,-79.6377673,1,0,1,0,0,0,0,0,0,0,1,0,1,0,"1922 DELANEY DR, MISSISSAUGA, ON",0,0,0,1,0,623,0,1,1,0,0,0,1
1-866-706-1991,0,43.5715409,-79.76029319999999,1,0,1,0,0,0,0,0,0,0,1,0,1,0,"3218 SWISS CRT, MISSISSAUGA, ON",0,0,0,1,0,624,0,1,1,0,0,0,1
1-866-706-1991,0,43.556966,-79.7408857,1,0,1,0,0,0,0,0,0,0,1,0,1,0,"5564 WATERWIND CRES, MISSISSAUGA, ON",0,0,0,1,0,625,0,1,1,0,0,0,1
1-866-706-1991,0,43.57649170000001,-79.7714101,1,0,1,0,0,0,0,0,0,0,1,0,1,0,"3813 TRELAWNY CIR, MISSISSAUGA, ON",0,0,0,1,0,626,0,1,1,0,0,0,1
1-866-706-1991,0,43.53138089999999,-79.6917285,1,0,1,0,0,0,0,0,0,0,1,0,1,0,"2674 THE COLLEGEWAY , MISSISSAUGA, ON",0,0,0,1,0,627,0,1,1,0,0,0,1
1-866-706-1991,0,43.5271565,-79.6652877,1,0,1,0,0,0,0,0,0,0,1,0,1,0,"2422 ARIOSO CRT, MISSISSAUGA, ON",0,0,0,1,0,629,0,1,1,0,0,0,1
1-866-706-1991,0,43.563664,-79.76364819999999,1,0,1,0,0,0,0,0,0,0,1,0,1,0,"3829 FOREST BLUFF CRES, MISSISSAUGA, ON",0,0,0,1,0,628,0,1,1,0,0,0,1
1-866-706-1991,0,43.5440733,-79.73508609999999,1,0,1,0,0,0,0,0,0,0,1,0,1,0,"3421 ERIN CENTRE BLVD, MISSISSAUGA, ON",0,0,0,1,0,630,0,1,1,0,0,0,1
1-866-706-1991,0,43.5207915,-79.6983954,1,0,1,0,0,0,0,0,0,0,1,0,1,0,"3362 AUBREY RD, MISSISSAUGA, ON",0,0,0,1,0,631,0,1,1,0,0,0,1
1-866-706-1991,0,43.5655481,-79.748695,1,0,1,0,0,0,0,0,0,0,1,0,1,0,"3166 ANDERSON CRES, MISSISSAUGA, ON",0,0,0,1,0,632,0,1,1,0,0,0,1
1-866-706-1991,0,43.5515216,-79.7495828,1,0,1,0,0,0,0,0,0,0,1,0,1,0,"5749 MACPHEE RD, MISSISSAUGA, ON",0,0,0,1,0,633,0,1,1,0,0,0,1
1-866-706-1991,0,43.5289826,-79.6350471,1,0,1,0,0,0,0,0,0,0,1,0,1,0,"1692 BRAMSEY DR, MISSISSAUGA, ON",0,0,0,1,0,634,0,1,1,0,0,0,1
1-866-706-1991,0,43.5453115,-79.717979,1,0,1,0,0,0,0,0,0,0,1,0,1,0,"4917 SOUTHAMPTON DR, MISSISSAUGA, ON",0,0,0,1,0,635,0,1,1,0,0,0,1
1-866-706-1991,0,43.5783977,-79.789295,1,0,1,0,0,0,0,0,0,0,1,0,1,0,"3935 HAZELRIDGE RD, MISSISSAUGA, ON",0,0,0,1,0,637,0,1,1,0,0,0,1
1-866-706-1991,0,43.5349148,-79.6930596,1,0,1,0,0,0,0,0,0,0,1,0,1,0,"2574 OAK ROW CRES, MISSISSAUGA, ON",0,0,0,1,0,636,0,1,1,0,0,0,1
1-866-706-1991,0,43.5120582,-79.6535519,1,0,0,0,0,0,0,0,0,0,1,0,1,0,"1519 SANDGATE CRES, MISSISSAUGA, ON",0,0,0,1,0,638,0,1,1,0,0,0,1
1-866-706-1991,0,43.5549955,-79.7429253,1,0,1,0,0,0,0,0,0,0,1,0,1,0,"5687 PASSION FLOWER BLVD, MISSISSAUGA, ON",0,0,0,1,0,639,0,1,1,0,0,0,1
1-866-706-1991,0,43.5942345,-79.7619969,1,0,0,0,0,0,0,0,0,0,1,0,1,0,"6956 MONTEVIDEO RD, MISSISSAUGA, ON",0,0,0,1,0,640,0,1,1,0,0,0,1
1-866-706-1991,0,43.5646162,-79.7349766,1,0,1,0,0,0,0,0,0,0,1,0,1,0,"2890 GALLEON CRES, MISSISSAUGA, ON",0,0,0,1,0,641,0,1,1,0,0,0,1
1-866-706-1991,0,43.5654997,-79.7173107,1,0,1,0,0,0,0,0,0,0,1,0,1,0,"2529 DINNING CRT, MISSISSAUGA, ON",0,0,0,1,0,642,0,1,1,0,0,0,1
1-866-706-1991,0,43.5455282,-79.7218142,1,0,1,0,0,0,0,0,0,0,1,0,1,0,"3341 EGLINTON AVE, MISSISSAUGA, ON",0,0,0,1,0,644,0,1,1,0,0,0,1
1-866-706-1991,0,43.5124032,-79.64088,1,0,1,0,0,0,0,0,0,0,1,0,1,0,"2272 BROOKHURST RD, MISSISSAUGA, ON",0,0,0,1,0,645,0,1,1,0,0,0,1
1-866-706-1991,0,43.5682084,-79.7105018,0,1,0,0,0,0,0,0,0,0,1,0,1,0,"5326 FOREST RIDGE DR, MISSISSAUGA, ON",0,0,0,1,0,646,0,1,1,0,0,0,1
1-866-706-1991,0,43.5697957,-79.7448991,1,0,1,0,0,0,0,0,0,0,1,0,1,0,"6145 STARFIELD CRES, MISSISSAUGA, ON",0,0,0,1,0,643,0,1,1,0,0,0,1
1-866-706-1991,0,43.5733102,-79.74942899999999,1,0,1,0,0,0,0,0,0,0,1,0,1,0,"2938 GLACE BAY RD, MISSISSAUGA, ON",0,0,0,1,0,647,0,1,1,0,0,0,1
1-866-706-1991,0,43.5472947,-79.7417467,1,0,1,0,0,0,0,0,0,0,1,0,1,0,"3849 TACC DR, MISSISSAUGA, ON",0,0,0,1,0,648,0,1,1,0,0,0,1
1-866-706-1991,0,43.5241094,-79.6439912,1,0,1,0,0,0,0,0,0,0,1,0,1,0,"1982 DAVEBROOK RD, MISSISSAUGA, ON",0,0,0,1,0,651,0,1,1,0,0,0,1
1-866-706-1991,0,43.5743975,-79.75272559999999,1,0,1,0,0,0,0,0,0,0,1,0,1,0,"6313 MARTEL CRT, MISSISSAUGA, ON",0,0,0,1,0,650,0,1,1,0,0,0,1
1-866-706-1991,0,43.5616636,-79.7499244,1,0,1,0,0,0,0,0,0,0,1,0,1,0,"3281 CAMBERWELL DR, MISSISSAUGA, ON",0,0,0,1,0,652,0,1,1,0,0,0,1
1-866-706-1991,0,43.5805117,-79.7639006,1,0,1,0,0,0,0,0,0,0,1,0,1,0,"6683 HARLOW RD, MISSISSAUGA, ON",0,0,0,1,0,649,0,1,1,0,0,0,1
1-866-706-1991,0,43.55428269999999,-79.7191331,1,0,1,0,0,0,0,0,0,0,1,0,1,0,"5152 PLANTATION PL, MISSISSAUGA, ON",0,0,0,1,0,654,0,1,1,0,0,0,1
1-866-706-1991,0,43.5652715,-79.7637404,1,0,1,0,0,0,0,0,0,0,1,0,1,0,"3792 FOXBOROUGH TR, MISSISSAUGA, ON",0,0,0,1,0,653,0,1,1,0,0,0,1
1-866-706-1991,0,43.53677709999999,-79.63296439999999,1,0,1,0,0,0,0,0,0,0,1,0,1,0,"1439 COTTONWOOD CRT, MISSISSAUGA, ON",0,0,0,1,0,655,0,1,1,0,0,0,1
1-866-706-1991,0,43.56412,-79.7545231,1,0,1,0,0,0,0,0,0,0,1,0,1,0,"3322 COLUMBINE CRES, MISSISSAUGA, ON",0,0,0,1,0,656,0,1,1,0,0,0,1
1-866-706-1991,0,43.5479292,-79.70778399999999,1,0,1,0,0,0,0,0,0,0,1,0,1,0,"2562 AMBERCROFT TR, MISSISSAUGA, ON",0,0,0,1,0,658,0,1,1,0,0,0,1
1-866-706-1991,0,43.5297604,-79.6319757,1,0,1,0,0,0,0,0,0,0,1,0,1,0,"1592 BRAMSEY DR, MISSISSAUGA, ON",0,0,0,1,0,657,0,1,1,0,0,0,1
1-866-706-1991,0,43.5675384,-79.77029929999999,1,0,1,0,0,0,0,0,0,0,1,0,1,0,"3863 CEDAR HEDGE RISE, MISSISSAUGA, ON",0,0,0,1,0,659,0,1,1,0,0,0,1
1-866-706-1991,0,43.5676737,-79.77507299999999,1,0,1,0,0,0,0,0,0,0,1,0,1,0,"3556 INDIGO CRES, MISSISSAUGA, ON",0,0,0,1,0,661,0,1,1,0,0,0,1
1-866-706-1991,0,43.5816089,-79.7777369,1,0,1,0,0,0,0,0,0,0,1,0,1,0,"6978 ROUNDWOOD CRT, MISSISSAUGA, ON",0,0,0,1,0,660,0,1,1,0,0,0,1
1-866-706-1991,0,43.5925789,-79.780395,1,0,1,0,0,0,0,0,0,0,1,0,1,0,"7315 ALDERGROVE CRT, MISSISSAUGA, ON",0,0,0,1,0,663,0,1,1,0,0,0,1
1-866-706-1991,0,43.5790252,-79.74811470000002,1,0,1,0,0,0,0,0,0,0,1,0,1,0,"6234 ATHERLY CRES, MISSISSAUGA, ON",0,0,0,1,0,662,0,1,1,0,0,0,1
1-866-706-1991,0,43.5331441,-79.6837319,1,0,1,0,0,0,0,0,0,0,1,0,1,0,"3286 KINGS MASTING CRES, MISSISSAUGA, ON",0,0,0,1,0,664,0,1,1,0,0,0,1
1-866-706-1991,0,43.5737041,-79.783625,1,0,1,0,0,0,0,0,0,0,1,0,1,0,"6844 DILLINGWOOD DR, MISSISSAUGA, ON",0,0,0,1,0,666,0,1,1,0,0,0,1
1-866-706-1991,0,43.5208945,-79.67277279999999,1,0,1,0,0,0,0,0,0,0,1,0,1,0,"2584 HOMELANDS DR, MISSISSAUGA, ON",0,0,0,1,0,667,0,1,1,0,0,0,1
1-866-706-1991,0,43.5384492,-79.6455476,1,0,1,0,0,0,0,0,0,0,1,0,1,0,"1615 YEW ST, MISSISSAUGA, ON",0,0,0,1,0,669,0,1,1,0,0,0,1
1-866-706-1991,0,43.5932118,-79.7796791,1,0,0,0,0,0,0,0,0,0,1,0,1,0,"3194 SHADETREE DR, MISSISSAUGA, ON",0,0,0,1,0,668,0,1,1,0,0,0,1
1-866-706-1991,0,43.5437871,-79.72565159999999,1,0,1,0,0,0,0,0,0,0,1,0,1,0,"3226 FLAGSTONE DR, MISSISSAUGA, ON",0,0,0,1,0,665,0,1,1,0,0,0,1
1-866-706-1991,0,43.5867027,-79.78979629999999,1,0,0,0,0,0,0,0,0,0,1,0,1,0,"3284 APRICOT ST, MISSISSAUGA, ON",0,0,0,1,0,671,0,1,1,0,0,0,1
1-866-706-1991,0,43.5806649,-79.7875759,1,0,1,0,0,0,0,0,0,0,1,0,1,0,"7380 SANDHURST DR, MISSISSAUGA, ON",0,0,0,1,0,670,0,1,1,0,0,0,1
1-866-706-1991,0,43.5418969,-79.7341351,1,0,1,0,0,0,0,0,0,0,1,0,1,0,"3736 QUIET CREEK DR, MISSISSAUGA, ON",0,0,0,1,0,672,0,1,1,0,0,0,1
1-866-706-1991,0,43.5837817,-79.7914876,1,0,0,0,0,0,0,0,0,0,1,0,1,0,"3687 GOLDEN LOCUST DR, MISSISSAUGA, ON",0,0,0,1,0,673,0,1,1,0,0,0,1
1-866-706-1991,0,43.5199536,-79.69560969999999,1,0,1,0,0,0,0,0,0,0,1,0,1,0,"3492 BEAU RIVAGE CRES, MISSISSAUGA, ON",0,0,0,1,0,674,0,1,1,0,0,0,1
1-866-706-1991,0,43.5504481,-79.7205146,0,1,0,0,0,0,0,0,0,0,1,0,1,0,"3170 BOXFORD CRES, MISSISSAUGA, ON",0,0,0,1,0,675,0,1,1,0,0,0,1
1-866-706-1991,0,43.5339487,-79.69406529999999,1,0,1,0,0,0,0,0,0,0,1,0,1,0,"2510 OAK ROW CRES, MISSISSAUGA, ON",0,0,0,1,0,676,0,1,1,0,0,0,1
1-866-706-1991,0,43.5760075,-79.77356499999999,1,0,1,0,0,0,0,0,0,0,1,0,1,0,"3744 TRELAWNY CIR, MISSISSAUGA, ON",0,0,0,1,0,677,0,1,1,0,0,0,1
1-866-706-1991,0,43.590007,-79.76817199999999,1,0,0,0,0,0,0,0,0,0,1,0,1,0,"2861 ARVIDA CIR, MISSISSAUGA, ON",0,0,0,1,0,678,0,1,1,0,0,0,1
